 
****************************************
Report : cell
Design : gemm_axi
Version: T-2022.03-SP2
Date   : Mon Dec 29 10:44:39 2025
****************************************

Attributes:
    b - black box (unknown)
    h - hierarchical
   mo - map_only
    n - noncombinational
    r - removable
    u - contains unmapped logic

Cell                      Reference       Library             Area  Attributes
--------------------------------------------------------------------------------
U852                      NOR3_X2         NangateOpenCellLibrary
                                                          1.862000  
U853                      NOR3_X2         NangateOpenCellLibrary
                                                          1.862000  
U854                      BUF_X4          NangateOpenCellLibrary
                                                          1.862000  
U855                      NAND2_X1        NangateOpenCellLibrary
                                                          0.798000  
U856                      CLKBUF_X1       NangateOpenCellLibrary
                                                          0.798000  
U857                      CLKBUF_X1       NangateOpenCellLibrary
                                                          0.798000  
U858                      CLKBUF_X1       NangateOpenCellLibrary
                                                          0.798000  
U859                      CLKBUF_X1       NangateOpenCellLibrary
                                                          0.798000  
U860                      INV_X1          NangateOpenCellLibrary
                                                          0.532000  
U861                      INV_X1          NangateOpenCellLibrary
                                                          0.532000  
U862                      INV_X1          NangateOpenCellLibrary
                                                          0.532000  
U863                      NOR2_X2         NangateOpenCellLibrary
                                                          1.330000  
U867                      NOR2_X1         NangateOpenCellLibrary
                                                          0.798000  
U868                      NAND2_X1        NangateOpenCellLibrary
                                                          0.798000  
U869                      INV_X1          NangateOpenCellLibrary
                                                          0.532000  
U870                      NOR3_X1         NangateOpenCellLibrary
                                                          1.064000  
U871                      NAND2_X1        NangateOpenCellLibrary
                                                          0.798000  
U872                      INV_X1          NangateOpenCellLibrary
                                                          0.532000  
U873                      NAND2_X1        NangateOpenCellLibrary
                                                          0.798000  
U874                      NAND2_X1        NangateOpenCellLibrary
                                                          0.798000  
U875                      NAND2_X1        NangateOpenCellLibrary
                                                          0.798000  
U876                      NAND2_X1        NangateOpenCellLibrary
                                                          0.798000  
U877                      NOR2_X1         NangateOpenCellLibrary
                                                          0.798000  
U878                      AOI22_X1        NangateOpenCellLibrary
                                                          1.330000  
U879                      INV_X1          NangateOpenCellLibrary
                                                          0.532000  
U880                      NOR3_X1         NangateOpenCellLibrary
                                                          1.064000  
U881                      NAND3_X1        NangateOpenCellLibrary
                                                          1.064000  
U882                      INV_X1          NangateOpenCellLibrary
                                                          0.532000  
U883                      OAI22_X1        NangateOpenCellLibrary
                                                          1.330000  
U884                      INV_X1          NangateOpenCellLibrary
                                                          0.532000  
U885                      OAI22_X1        NangateOpenCellLibrary
                                                          1.330000  
U886                      INV_X1          NangateOpenCellLibrary
                                                          0.532000  
U887                      OAI22_X1        NangateOpenCellLibrary
                                                          1.330000  
U888                      INV_X1          NangateOpenCellLibrary
                                                          0.532000  
U889                      OAI22_X1        NangateOpenCellLibrary
                                                          1.330000  
U890                      INV_X1          NangateOpenCellLibrary
                                                          0.532000  
U891                      OAI22_X1        NangateOpenCellLibrary
                                                          1.330000  
U892                      INV_X1          NangateOpenCellLibrary
                                                          0.532000  
U893                      OAI22_X1        NangateOpenCellLibrary
                                                          1.330000  
U894                      INV_X1          NangateOpenCellLibrary
                                                          0.532000  
U895                      OAI22_X1        NangateOpenCellLibrary
                                                          1.330000  
U896                      INV_X1          NangateOpenCellLibrary
                                                          0.532000  
U897                      OAI22_X1        NangateOpenCellLibrary
                                                          1.330000  
U898                      INV_X1          NangateOpenCellLibrary
                                                          0.532000  
U899                      OAI22_X1        NangateOpenCellLibrary
                                                          1.330000  
U900                      INV_X1          NangateOpenCellLibrary
                                                          0.532000  
U901                      OAI22_X1        NangateOpenCellLibrary
                                                          1.330000  
U902                      INV_X1          NangateOpenCellLibrary
                                                          0.532000  
U903                      OAI22_X1        NangateOpenCellLibrary
                                                          1.330000  
U904                      INV_X1          NangateOpenCellLibrary
                                                          0.532000  
U905                      OAI22_X1        NangateOpenCellLibrary
                                                          1.330000  
U906                      INV_X1          NangateOpenCellLibrary
                                                          0.532000  
U907                      NAND2_X1        NangateOpenCellLibrary
                                                          0.798000  
U908                      NOR2_X2         NangateOpenCellLibrary
                                                          1.330000  
U909                      INV_X1          NangateOpenCellLibrary
                                                          0.532000  
U910                      OAI22_X1        NangateOpenCellLibrary
                                                          1.330000  
U911                      INV_X1          NangateOpenCellLibrary
                                                          0.532000  
U912                      OAI22_X1        NangateOpenCellLibrary
                                                          1.330000  
U913                      INV_X1          NangateOpenCellLibrary
                                                          0.532000  
U914                      OAI22_X1        NangateOpenCellLibrary
                                                          1.330000  
U915                      INV_X1          NangateOpenCellLibrary
                                                          0.532000  
U916                      OAI22_X1        NangateOpenCellLibrary
                                                          1.330000  
U917                      INV_X1          NangateOpenCellLibrary
                                                          0.532000  
U918                      OAI22_X1        NangateOpenCellLibrary
                                                          1.330000  
U919                      INV_X1          NangateOpenCellLibrary
                                                          0.532000  
U920                      OAI22_X1        NangateOpenCellLibrary
                                                          1.330000  
U921                      INV_X1          NangateOpenCellLibrary
                                                          0.532000  
U922                      OAI22_X1        NangateOpenCellLibrary
                                                          1.330000  
U923                      INV_X1          NangateOpenCellLibrary
                                                          0.532000  
U924                      OAI22_X1        NangateOpenCellLibrary
                                                          1.330000  
U925                      INV_X1          NangateOpenCellLibrary
                                                          0.532000  
U926                      OAI22_X1        NangateOpenCellLibrary
                                                          1.330000  
U927                      INV_X1          NangateOpenCellLibrary
                                                          0.532000  
U928                      OAI22_X1        NangateOpenCellLibrary
                                                          1.330000  
U929                      INV_X1          NangateOpenCellLibrary
                                                          0.532000  
U930                      OAI22_X1        NangateOpenCellLibrary
                                                          1.330000  
U931                      INV_X1          NangateOpenCellLibrary
                                                          0.532000  
U932                      OAI22_X1        NangateOpenCellLibrary
                                                          1.330000  
U933                      INV_X1          NangateOpenCellLibrary
                                                          0.532000  
U934                      AND2_X1         NangateOpenCellLibrary
                                                          1.064000  
U935                      NOR2_X1         NangateOpenCellLibrary
                                                          0.798000  
U936                      INV_X1          NangateOpenCellLibrary
                                                          0.532000  
U937                      CLKBUF_X1       NangateOpenCellLibrary
                                                          0.798000  
U938                      CLKBUF_X1       NangateOpenCellLibrary
                                                          0.798000  
U939                      INV_X1          NangateOpenCellLibrary
                                                          0.532000  
U940                      NAND2_X1        NangateOpenCellLibrary
                                                          0.798000  
U941                      INV_X1          NangateOpenCellLibrary
                                                          0.532000  
U942                      INV_X1          NangateOpenCellLibrary
                                                          0.532000  
U943                      AOI22_X1        NangateOpenCellLibrary
                                                          1.330000  
U944                      INV_X1          NangateOpenCellLibrary
                                                          0.532000  
U945                      INV_X1          NangateOpenCellLibrary
                                                          0.532000  
U946                      INV_X1          NangateOpenCellLibrary
                                                          0.532000  
U947                      INV_X1          NangateOpenCellLibrary
                                                          0.532000  
U948                      CLKBUF_X1       NangateOpenCellLibrary
                                                          0.798000  
U949                      AOI22_X1        NangateOpenCellLibrary
                                                          1.330000  
U950                      CLKBUF_X1       NangateOpenCellLibrary
                                                          0.798000  
U951                      INV_X1          NangateOpenCellLibrary
                                                          0.532000  
U952                      NOR2_X1         NangateOpenCellLibrary
                                                          0.798000  
U953                      INV_X1          NangateOpenCellLibrary
                                                          0.532000  
U954                      NOR2_X1         NangateOpenCellLibrary
                                                          0.798000  
U955                      INV_X1          NangateOpenCellLibrary
                                                          0.532000  
U956                      AOI21_X1        NangateOpenCellLibrary
                                                          1.064000  
U957                      INV_X1          NangateOpenCellLibrary
                                                          0.532000  
U958                      INV_X1          NangateOpenCellLibrary
                                                          0.532000  
U959                      INV_X1          NangateOpenCellLibrary
                                                          0.532000  
U960                      AOI22_X1        NangateOpenCellLibrary
                                                          1.330000  
U961                      AOI22_X1        NangateOpenCellLibrary
                                                          1.330000  
U962                      NAND2_X1        NangateOpenCellLibrary
                                                          0.798000  
U963                      INV_X1          NangateOpenCellLibrary
                                                          0.532000  
U964                      AND2_X1         NangateOpenCellLibrary
                                                          1.064000  
U965                      INV_X1          NangateOpenCellLibrary
                                                          0.532000  
U966                      INV_X1          NangateOpenCellLibrary
                                                          0.532000  
U967                      AOI22_X1        NangateOpenCellLibrary
                                                          1.330000  
U968                      AOI22_X1        NangateOpenCellLibrary
                                                          1.330000  
U969                      NOR2_X1         NangateOpenCellLibrary
                                                          0.798000  
U970                      NOR3_X1         NangateOpenCellLibrary
                                                          1.064000  
U971                      INV_X1          NangateOpenCellLibrary
                                                          0.532000  
U972                      NAND2_X1        NangateOpenCellLibrary
                                                          0.798000  
U973                      NAND2_X1        NangateOpenCellLibrary
                                                          0.798000  
U974                      NOR2_X1         NangateOpenCellLibrary
                                                          0.798000  
U975                      AOI21_X1        NangateOpenCellLibrary
                                                          1.064000  
U976                      FA_X1           NangateOpenCellLibrary
                                                          4.256000  r
U977                      OAI222_X1       NangateOpenCellLibrary
                                                          2.128000  
U978                      INV_X1          NangateOpenCellLibrary
                                                          0.532000  
U979                      INV_X1          NangateOpenCellLibrary
                                                          0.532000  
U980                      INV_X1          NangateOpenCellLibrary
                                                          0.532000  
U981                      INV_X1          NangateOpenCellLibrary
                                                          0.532000  
U982                      INV_X1          NangateOpenCellLibrary
                                                          0.532000  
U983                      CLKBUF_X1       NangateOpenCellLibrary
                                                          0.798000  
U984                      INV_X1          NangateOpenCellLibrary
                                                          0.532000  
U985                      INV_X1          NangateOpenCellLibrary
                                                          0.532000  
U986                      AOI22_X1        NangateOpenCellLibrary
                                                          1.330000  
U987                      INV_X1          NangateOpenCellLibrary
                                                          0.532000  
U988                      NOR2_X1         NangateOpenCellLibrary
                                                          0.798000  
U989                      INV_X1          NangateOpenCellLibrary
                                                          0.532000  
U990                      INV_X1          NangateOpenCellLibrary
                                                          0.532000  
U991                      INV_X1          NangateOpenCellLibrary
                                                          0.532000  
U992                      INV_X1          NangateOpenCellLibrary
                                                          0.532000  
U993                      INV_X1          NangateOpenCellLibrary
                                                          0.532000  
U994                      NOR2_X1         NangateOpenCellLibrary
                                                          0.798000  
U995                      INV_X1          NangateOpenCellLibrary
                                                          0.532000  
U996                      INV_X1          NangateOpenCellLibrary
                                                          0.532000  
U997                      INV_X1          NangateOpenCellLibrary
                                                          0.532000  
U998                      INV_X1          NangateOpenCellLibrary
                                                          0.532000  
U999                      INV_X1          NangateOpenCellLibrary
                                                          0.532000  
U1000                     NAND2_X1        NangateOpenCellLibrary
                                                          0.798000  
U1001                     INV_X1          NangateOpenCellLibrary
                                                          0.532000  
U1002                     INV_X1          NangateOpenCellLibrary
                                                          0.532000  
U1003                     CLKBUF_X1       NangateOpenCellLibrary
                                                          0.798000  
U1004                     NOR2_X1         NangateOpenCellLibrary
                                                          0.798000  
U1005                     INV_X1          NangateOpenCellLibrary
                                                          0.532000  
U1006                     NOR2_X1         NangateOpenCellLibrary
                                                          0.798000  
U1007                     AOI22_X1        NangateOpenCellLibrary
                                                          1.330000  
U1008                     INV_X1          NangateOpenCellLibrary
                                                          0.532000  
U1009                     NOR2_X1         NangateOpenCellLibrary
                                                          0.798000  
U1010                     FA_X1           NangateOpenCellLibrary
                                                          4.256000  r
U1011                     INV_X1          NangateOpenCellLibrary
                                                          0.532000  
U1012                     INV_X1          NangateOpenCellLibrary
                                                          0.532000  
U1013                     AOI22_X1        NangateOpenCellLibrary
                                                          1.330000  
U1014                     AOI22_X1        NangateOpenCellLibrary
                                                          1.330000  
U1015                     INV_X1          NangateOpenCellLibrary
                                                          0.532000  
U1016                     OAI21_X1        NangateOpenCellLibrary
                                                          1.064000  
U1017                     INV_X1          NangateOpenCellLibrary
                                                          0.532000  
U1018                     CLKBUF_X1       NangateOpenCellLibrary
                                                          0.798000  
U1019                     AOI22_X1        NangateOpenCellLibrary
                                                          1.330000  
U1020                     AOI22_X1        NangateOpenCellLibrary
                                                          1.330000  
U1021                     INV_X1          NangateOpenCellLibrary
                                                          0.532000  
U1022                     FA_X1           NangateOpenCellLibrary
                                                          4.256000  r
U1023                     INV_X1          NangateOpenCellLibrary
                                                          0.532000  
U1024                     FA_X1           NangateOpenCellLibrary
                                                          4.256000  r
U1025                     INV_X1          NangateOpenCellLibrary
                                                          0.532000  
U1026                     NAND2_X1        NangateOpenCellLibrary
                                                          0.798000  
U1027                     INV_X1          NangateOpenCellLibrary
                                                          0.532000  
U1028                     NAND2_X1        NangateOpenCellLibrary
                                                          0.798000  
U1029                     INV_X1          NangateOpenCellLibrary
                                                          0.532000  
U1030                     NAND2_X1        NangateOpenCellLibrary
                                                          0.798000  
U1031                     INV_X1          NangateOpenCellLibrary
                                                          0.532000  
U1032                     NAND2_X1        NangateOpenCellLibrary
                                                          0.798000  
U1033                     INV_X1          NangateOpenCellLibrary
                                                          0.532000  
U1034                     INV_X1          NangateOpenCellLibrary
                                                          0.532000  
U1035                     NAND2_X1        NangateOpenCellLibrary
                                                          0.798000  
U1036                     INV_X1          NangateOpenCellLibrary
                                                          0.532000  
U1037                     NAND2_X1        NangateOpenCellLibrary
                                                          0.798000  
U1038                     INV_X1          NangateOpenCellLibrary
                                                          0.532000  
U1039                     NAND2_X1        NangateOpenCellLibrary
                                                          0.798000  
U1040                     INV_X1          NangateOpenCellLibrary
                                                          0.532000  
U1041                     INV_X1          NangateOpenCellLibrary
                                                          0.532000  
U1042                     NAND2_X1        NangateOpenCellLibrary
                                                          0.798000  
U1043                     INV_X1          NangateOpenCellLibrary
                                                          0.532000  
U1044                     NAND2_X1        NangateOpenCellLibrary
                                                          0.798000  
U1045                     INV_X1          NangateOpenCellLibrary
                                                          0.532000  
U1046                     NAND2_X1        NangateOpenCellLibrary
                                                          0.798000  
U1047                     INV_X1          NangateOpenCellLibrary
                                                          0.532000  
U1048                     NAND2_X1        NangateOpenCellLibrary
                                                          0.798000  
U1049                     INV_X1          NangateOpenCellLibrary
                                                          0.532000  
U1050                     NAND2_X1        NangateOpenCellLibrary
                                                          0.798000  
U1051                     INV_X1          NangateOpenCellLibrary
                                                          0.532000  
U1052                     NOR2_X1         NangateOpenCellLibrary
                                                          0.798000  
U1053                     INV_X1          NangateOpenCellLibrary
                                                          0.532000  
U1054                     NOR2_X1         NangateOpenCellLibrary
                                                          0.798000  
U1055                     INV_X1          NangateOpenCellLibrary
                                                          0.532000  
U1056                     NOR2_X1         NangateOpenCellLibrary
                                                          0.798000  
U1057                     CLKBUF_X1       NangateOpenCellLibrary
                                                          0.798000  
U1058                     NAND2_X1        NangateOpenCellLibrary
                                                          0.798000  
U1059                     CLKBUF_X1       NangateOpenCellLibrary
                                                          0.798000  
U1060                     AND2_X1         NangateOpenCellLibrary
                                                          1.064000  
U1061                     CLKBUF_X1       NangateOpenCellLibrary
                                                          0.798000  
U1062                     INV_X1          NangateOpenCellLibrary
                                                          0.532000  
U1063                     OAI22_X1        NangateOpenCellLibrary
                                                          1.330000  
U1064                     AOI21_X1        NangateOpenCellLibrary
                                                          1.064000  
U1065                     INV_X1          NangateOpenCellLibrary
                                                          0.532000  
U1066                     INV_X1          NangateOpenCellLibrary
                                                          0.532000  
U1067                     AOI22_X1        NangateOpenCellLibrary
                                                          1.330000  
U1068                     INV_X1          NangateOpenCellLibrary
                                                          0.532000  
U1069                     INV_X1          NangateOpenCellLibrary
                                                          0.532000  
U1070                     INV_X1          NangateOpenCellLibrary
                                                          0.532000  
U1071                     AOI22_X1        NangateOpenCellLibrary
                                                          1.330000  
U1072                     INV_X1          NangateOpenCellLibrary
                                                          0.532000  
U1073                     NOR2_X1         NangateOpenCellLibrary
                                                          0.798000  
U1074                     INV_X1          NangateOpenCellLibrary
                                                          0.532000  
U1075                     NOR2_X1         NangateOpenCellLibrary
                                                          0.798000  
U1076                     INV_X1          NangateOpenCellLibrary
                                                          0.532000  
U1077                     CLKBUF_X1       NangateOpenCellLibrary
                                                          0.798000  
U1078                     CLKBUF_X1       NangateOpenCellLibrary
                                                          0.798000  
U1079                     AOI21_X1        NangateOpenCellLibrary
                                                          1.064000  
U1080                     CLKBUF_X1       NangateOpenCellLibrary
                                                          0.798000  
U1081                     INV_X1          NangateOpenCellLibrary
                                                          0.532000  
U1082                     AOI22_X1        NangateOpenCellLibrary
                                                          1.330000  
U1083                     AOI22_X1        NangateOpenCellLibrary
                                                          1.330000  
U1084                     NOR2_X1         NangateOpenCellLibrary
                                                          0.798000  
U1085                     INV_X1          NangateOpenCellLibrary
                                                          0.532000  
U1086                     NAND2_X1        NangateOpenCellLibrary
                                                          0.798000  
U1087                     INV_X1          NangateOpenCellLibrary
                                                          0.532000  
U1088                     INV_X1          NangateOpenCellLibrary
                                                          0.532000  
U1089                     FA_X1           NangateOpenCellLibrary
                                                          4.256000  r
U1090                     INV_X1          NangateOpenCellLibrary
                                                          0.532000  
U1091                     INV_X1          NangateOpenCellLibrary
                                                          0.532000  
U1092                     INV_X1          NangateOpenCellLibrary
                                                          0.532000  
U1093                     INV_X1          NangateOpenCellLibrary
                                                          0.532000  
U1094                     INV_X1          NangateOpenCellLibrary
                                                          0.532000  
U1095                     INV_X1          NangateOpenCellLibrary
                                                          0.532000  
U1096                     NOR2_X1         NangateOpenCellLibrary
                                                          0.798000  
U1097                     NOR2_X1         NangateOpenCellLibrary
                                                          0.798000  
U1098                     NOR2_X1         NangateOpenCellLibrary
                                                          0.798000  
U1099                     INV_X1          NangateOpenCellLibrary
                                                          0.532000  
U1100                     OAI22_X1        NangateOpenCellLibrary
                                                          1.330000  
U1101                     INV_X1          NangateOpenCellLibrary
                                                          0.532000  
U1102                     OAI22_X1        NangateOpenCellLibrary
                                                          1.330000  
U1103                     INV_X1          NangateOpenCellLibrary
                                                          0.532000  
U1104                     OAI22_X1        NangateOpenCellLibrary
                                                          1.330000  
U1105                     INV_X1          NangateOpenCellLibrary
                                                          0.532000  
U1106                     FA_X1           NangateOpenCellLibrary
                                                          4.256000  r
U1107                     INV_X1          NangateOpenCellLibrary
                                                          0.532000  
U1108                     AOI22_X1        NangateOpenCellLibrary
                                                          1.330000  
U1109                     INV_X1          NangateOpenCellLibrary
                                                          0.532000  
U1110                     NOR2_X1         NangateOpenCellLibrary
                                                          0.798000  
U1111                     INV_X1          NangateOpenCellLibrary
                                                          0.532000  
U1112                     AOI22_X1        NangateOpenCellLibrary
                                                          1.330000  
U1113                     INV_X1          NangateOpenCellLibrary
                                                          0.532000  
U1114                     AOI22_X1        NangateOpenCellLibrary
                                                          1.330000  
U1115                     AOI22_X1        NangateOpenCellLibrary
                                                          1.330000  
U1116                     AOI22_X1        NangateOpenCellLibrary
                                                          1.330000  
U1117                     AOI22_X1        NangateOpenCellLibrary
                                                          1.330000  
U1118                     OAI22_X1        NangateOpenCellLibrary
                                                          1.330000  
U1119                     AOI22_X1        NangateOpenCellLibrary
                                                          1.330000  
U1120                     INV_X1          NangateOpenCellLibrary
                                                          0.532000  
U1121                     INV_X1          NangateOpenCellLibrary
                                                          0.532000  
U1122                     INV_X1          NangateOpenCellLibrary
                                                          0.532000  
U1123                     OAI22_X1        NangateOpenCellLibrary
                                                          1.330000  
U1124                     OAI22_X1        NangateOpenCellLibrary
                                                          1.330000  
U1125                     INV_X1          NangateOpenCellLibrary
                                                          0.532000  
U1126                     INV_X1          NangateOpenCellLibrary
                                                          0.532000  
U1127                     NAND2_X1        NangateOpenCellLibrary
                                                          0.798000  
U1128                     INV_X1          NangateOpenCellLibrary
                                                          0.532000  
U1129                     NAND2_X1        NangateOpenCellLibrary
                                                          0.798000  
U1130                     INV_X1          NangateOpenCellLibrary
                                                          0.532000  
U1131                     NAND2_X1        NangateOpenCellLibrary
                                                          0.798000  
U1132                     INV_X1          NangateOpenCellLibrary
                                                          0.532000  
U1133                     NAND2_X1        NangateOpenCellLibrary
                                                          0.798000  
U1134                     INV_X1          NangateOpenCellLibrary
                                                          0.532000  
U1135                     NAND2_X1        NangateOpenCellLibrary
                                                          0.798000  
U1136                     INV_X1          NangateOpenCellLibrary
                                                          0.532000  
U1137                     NAND2_X1        NangateOpenCellLibrary
                                                          0.798000  
U1138                     INV_X1          NangateOpenCellLibrary
                                                          0.532000  
U1139                     NAND2_X1        NangateOpenCellLibrary
                                                          0.798000  
U1140                     INV_X1          NangateOpenCellLibrary
                                                          0.532000  
U1141                     NAND2_X1        NangateOpenCellLibrary
                                                          0.798000  
U1142                     INV_X1          NangateOpenCellLibrary
                                                          0.532000  
U1143                     NAND2_X1        NangateOpenCellLibrary
                                                          0.798000  
U1144                     INV_X1          NangateOpenCellLibrary
                                                          0.532000  
U1145                     NAND2_X1        NangateOpenCellLibrary
                                                          0.798000  
U1146                     INV_X1          NangateOpenCellLibrary
                                                          0.532000  
U1147                     NAND2_X1        NangateOpenCellLibrary
                                                          0.798000  
U1148                     INV_X1          NangateOpenCellLibrary
                                                          0.532000  
U1149                     NAND2_X1        NangateOpenCellLibrary
                                                          0.798000  
U1150                     INV_X1          NangateOpenCellLibrary
                                                          0.532000  
U1151                     INV_X1          NangateOpenCellLibrary
                                                          0.532000  
U1152                     INV_X1          NangateOpenCellLibrary
                                                          0.532000  
U1153                     NOR2_X1         NangateOpenCellLibrary
                                                          0.798000  
U1154                     INV_X1          NangateOpenCellLibrary
                                                          0.532000  
U1155                     INV_X1          NangateOpenCellLibrary
                                                          0.532000  
U1156                     AOI22_X1        NangateOpenCellLibrary
                                                          1.330000  
U1157                     INV_X1          NangateOpenCellLibrary
                                                          0.532000  
U1158                     AOI22_X1        NangateOpenCellLibrary
                                                          1.330000  
U1159                     INV_X1          NangateOpenCellLibrary
                                                          0.532000  
U1160                     AOI22_X1        NangateOpenCellLibrary
                                                          1.330000  
U1161                     INV_X1          NangateOpenCellLibrary
                                                          0.532000  
U1162                     AOI22_X1        NangateOpenCellLibrary
                                                          1.330000  
U1163                     INV_X1          NangateOpenCellLibrary
                                                          0.532000  
U1164                     AOI22_X1        NangateOpenCellLibrary
                                                          1.330000  
U1165                     AOI22_X1        NangateOpenCellLibrary
                                                          1.330000  
U1166                     AOI22_X1        NangateOpenCellLibrary
                                                          1.330000  
U1167                     AOI22_X1        NangateOpenCellLibrary
                                                          1.330000  
U1168                     NAND3_X1        NangateOpenCellLibrary
                                                          1.064000  
U1169                     INV_X1          NangateOpenCellLibrary
                                                          0.532000  
U1170                     NAND2_X1        NangateOpenCellLibrary
                                                          0.798000  
U1171                     OAI22_X1        NangateOpenCellLibrary
                                                          1.330000  
U1172                     AOI21_X1        NangateOpenCellLibrary
                                                          1.064000  
U1173                     AOI22_X1        NangateOpenCellLibrary
                                                          1.330000  
U1174                     AOI22_X1        NangateOpenCellLibrary
                                                          1.330000  
U1175                     INV_X1          NangateOpenCellLibrary
                                                          0.532000  
U1176                     FA_X1           NangateOpenCellLibrary
                                                          4.256000  r
U1177                     INV_X1          NangateOpenCellLibrary
                                                          0.532000  
U1178                     FA_X1           NangateOpenCellLibrary
                                                          4.256000  r
U1179                     INV_X1          NangateOpenCellLibrary
                                                          0.532000  
U1180                     FA_X1           NangateOpenCellLibrary
                                                          4.256000  r
U1181                     INV_X1          NangateOpenCellLibrary
                                                          0.532000  
U1182                     INV_X1          NangateOpenCellLibrary
                                                          0.532000  
U1183                     INV_X1          NangateOpenCellLibrary
                                                          0.532000  
U1184                     INV_X1          NangateOpenCellLibrary
                                                          0.532000  
U1185                     OAI22_X1        NangateOpenCellLibrary
                                                          1.330000  
U1186                     INV_X1          NangateOpenCellLibrary
                                                          0.532000  
U1187                     OAI22_X1        NangateOpenCellLibrary
                                                          1.330000  
U1188                     AOI22_X1        NangateOpenCellLibrary
                                                          1.330000  
U1189                     INV_X1          NangateOpenCellLibrary
                                                          0.532000  
U1190                     NAND2_X1        NangateOpenCellLibrary
                                                          0.798000  
U1191                     INV_X1          NangateOpenCellLibrary
                                                          0.532000  
U1192                     AOI22_X1        NangateOpenCellLibrary
                                                          1.330000  
U1193                     AOI22_X1        NangateOpenCellLibrary
                                                          1.330000  
U1194                     AOI22_X1        NangateOpenCellLibrary
                                                          1.330000  
U1195                     INV_X1          NangateOpenCellLibrary
                                                          0.532000  
U1196                     OAI22_X1        NangateOpenCellLibrary
                                                          1.330000  
U1197                     INV_X1          NangateOpenCellLibrary
                                                          0.532000  
U1198                     AOI22_X1        NangateOpenCellLibrary
                                                          1.330000  
U1199                     INV_X1          NangateOpenCellLibrary
                                                          0.532000  
U1200                     NOR2_X1         NangateOpenCellLibrary
                                                          0.798000  
U1201                     OAI22_X1        NangateOpenCellLibrary
                                                          1.330000  
U1202                     NOR2_X1         NangateOpenCellLibrary
                                                          0.798000  
U1203                     AOI22_X1        NangateOpenCellLibrary
                                                          1.330000  
U1204                     AOI22_X1        NangateOpenCellLibrary
                                                          1.330000  
U1205                     AOI22_X1        NangateOpenCellLibrary
                                                          1.330000  
U1206                     AOI22_X1        NangateOpenCellLibrary
                                                          1.330000  
U1207                     INV_X1          NangateOpenCellLibrary
                                                          0.532000  
U1208                     OAI22_X1        NangateOpenCellLibrary
                                                          1.330000  
U1209                     AOI22_X1        NangateOpenCellLibrary
                                                          1.330000  
U1210                     INV_X1          NangateOpenCellLibrary
                                                          0.532000  
U1211                     NOR2_X1         NangateOpenCellLibrary
                                                          0.798000  
U1212                     NAND2_X1        NangateOpenCellLibrary
                                                          0.798000  
U1213                     AOI22_X1        NangateOpenCellLibrary
                                                          1.330000  
U1214                     AOI22_X1        NangateOpenCellLibrary
                                                          1.330000  
U1215                     FA_X1           NangateOpenCellLibrary
                                                          4.256000  r
U1216                     INV_X1          NangateOpenCellLibrary
                                                          0.532000  
U1217                     FA_X1           NangateOpenCellLibrary
                                                          4.256000  r
U1218                     INV_X1          NangateOpenCellLibrary
                                                          0.532000  
U1219                     FA_X1           NangateOpenCellLibrary
                                                          4.256000  r
U1220                     AND2_X1         NangateOpenCellLibrary
                                                          1.064000  
U1221                     AOI22_X1        NangateOpenCellLibrary
                                                          1.330000  
U1222                     AOI22_X1        NangateOpenCellLibrary
                                                          1.330000  
U1223                     INV_X1          NangateOpenCellLibrary
                                                          0.532000  
U1224                     NAND2_X1        NangateOpenCellLibrary
                                                          0.798000  
U1225                     INV_X1          NangateOpenCellLibrary
                                                          0.532000  
U1226                     NAND2_X1        NangateOpenCellLibrary
                                                          0.798000  
U1227                     INV_X1          NangateOpenCellLibrary
                                                          0.532000  
U1228                     NAND2_X1        NangateOpenCellLibrary
                                                          0.798000  
U1229                     INV_X1          NangateOpenCellLibrary
                                                          0.532000  
U1230                     INV_X1          NangateOpenCellLibrary
                                                          0.532000  
U1231                     NAND2_X1        NangateOpenCellLibrary
                                                          0.798000  
U1232                     INV_X1          NangateOpenCellLibrary
                                                          0.532000  
U1233                     NAND2_X1        NangateOpenCellLibrary
                                                          0.798000  
U1234                     INV_X1          NangateOpenCellLibrary
                                                          0.532000  
U1235                     NAND2_X1        NangateOpenCellLibrary
                                                          0.798000  
U1236                     INV_X1          NangateOpenCellLibrary
                                                          0.532000  
U1237                     NAND2_X1        NangateOpenCellLibrary
                                                          0.798000  
U1238                     INV_X1          NangateOpenCellLibrary
                                                          0.532000  
U1239                     NAND2_X1        NangateOpenCellLibrary
                                                          0.798000  
U1240                     INV_X1          NangateOpenCellLibrary
                                                          0.532000  
U1241                     NAND2_X1        NangateOpenCellLibrary
                                                          0.798000  
U1242                     INV_X1          NangateOpenCellLibrary
                                                          0.532000  
U1243                     NAND2_X1        NangateOpenCellLibrary
                                                          0.798000  
U1244                     INV_X1          NangateOpenCellLibrary
                                                          0.532000  
U1245                     NAND2_X1        NangateOpenCellLibrary
                                                          0.798000  
U1246                     INV_X1          NangateOpenCellLibrary
                                                          0.532000  
U1247                     NOR2_X1         NangateOpenCellLibrary
                                                          0.798000  
U1248                     NOR2_X1         NangateOpenCellLibrary
                                                          0.798000  
U1249                     NOR2_X1         NangateOpenCellLibrary
                                                          0.798000  
U1250                     NOR2_X1         NangateOpenCellLibrary
                                                          0.798000  
U1251                     NOR2_X1         NangateOpenCellLibrary
                                                          0.798000  
U1252                     INV_X1          NangateOpenCellLibrary
                                                          0.532000  
U1253                     AOI22_X1        NangateOpenCellLibrary
                                                          1.330000  
U1254                     NAND2_X1        NangateOpenCellLibrary
                                                          0.798000  
U1255                     INV_X1          NangateOpenCellLibrary
                                                          0.532000  
U1256                     NOR2_X1         NangateOpenCellLibrary
                                                          0.798000  
U1257                     INV_X1          NangateOpenCellLibrary
                                                          0.532000  
U1258                     NAND2_X1        NangateOpenCellLibrary
                                                          0.798000  
U1259                     INV_X1          NangateOpenCellLibrary
                                                          0.532000  
U1260                     AOI22_X1        NangateOpenCellLibrary
                                                          1.330000  
U1261                     INV_X1          NangateOpenCellLibrary
                                                          0.532000  
U1262                     AOI22_X1        NangateOpenCellLibrary
                                                          1.330000  
U1263                     AOI22_X1        NangateOpenCellLibrary
                                                          1.330000  
U1264                     NAND2_X1        NangateOpenCellLibrary
                                                          0.798000  
U1265                     AOI22_X1        NangateOpenCellLibrary
                                                          1.330000  
U1266                     NAND2_X1        NangateOpenCellLibrary
                                                          0.798000  
U1267                     OAI21_X1        NangateOpenCellLibrary
                                                          1.064000  
U1268                     INV_X1          NangateOpenCellLibrary
                                                          0.532000  
U1269                     FA_X1           NangateOpenCellLibrary
                                                          4.256000  r
U1270                     OAI222_X1       NangateOpenCellLibrary
                                                          2.128000  
U1271                     INV_X1          NangateOpenCellLibrary
                                                          0.532000  
U1272                     INV_X1          NangateOpenCellLibrary
                                                          0.532000  
U1273                     NOR2_X1         NangateOpenCellLibrary
                                                          0.798000  
U1274                     NOR2_X1         NangateOpenCellLibrary
                                                          0.798000  
U1275                     CLKBUF_X1       NangateOpenCellLibrary
                                                          0.798000  
U1276                     INV_X1          NangateOpenCellLibrary
                                                          0.532000  
U1277                     AOI22_X1        NangateOpenCellLibrary
                                                          1.330000  
U1278                     OAI21_X1        NangateOpenCellLibrary
                                                          1.064000  
U1279                     INV_X1          NangateOpenCellLibrary
                                                          0.532000  
U1280                     INV_X1          NangateOpenCellLibrary
                                                          0.532000  
U1281                     AOI22_X1        NangateOpenCellLibrary
                                                          1.330000  
U1282                     AOI22_X1        NangateOpenCellLibrary
                                                          1.330000  
U1283                     AOI22_X1        NangateOpenCellLibrary
                                                          1.330000  
U1284                     NAND2_X1        NangateOpenCellLibrary
                                                          0.798000  
U1285                     XNOR2_X1        NangateOpenCellLibrary
                                                          1.596000  
U1286                     INV_X1          NangateOpenCellLibrary
                                                          0.532000  
U1287                     NAND2_X1        NangateOpenCellLibrary
                                                          0.798000  
U1288                     OAI22_X1        NangateOpenCellLibrary
                                                          1.330000  
U1289                     AOI21_X1        NangateOpenCellLibrary
                                                          1.064000  
U1290                     AOI22_X1        NangateOpenCellLibrary
                                                          1.330000  
U1291                     CLKBUF_X1       NangateOpenCellLibrary
                                                          0.798000  
U1292                     INV_X1          NangateOpenCellLibrary
                                                          0.532000  
U1293                     AOI22_X1        NangateOpenCellLibrary
                                                          1.330000  
U1294                     AOI22_X1        NangateOpenCellLibrary
                                                          1.330000  
U1295                     INV_X1          NangateOpenCellLibrary
                                                          0.532000  
U1296                     FA_X1           NangateOpenCellLibrary
                                                          4.256000  r
U1297                     INV_X1          NangateOpenCellLibrary
                                                          0.532000  
U1298                     FA_X1           NangateOpenCellLibrary
                                                          4.256000  r
U1299                     INV_X1          NangateOpenCellLibrary
                                                          0.532000  
U1300                     INV_X1          NangateOpenCellLibrary
                                                          0.532000  
U1301                     INV_X1          NangateOpenCellLibrary
                                                          0.532000  
U1302                     INV_X1          NangateOpenCellLibrary
                                                          0.532000  
U1303                     INV_X1          NangateOpenCellLibrary
                                                          0.532000  
U1304                     NOR2_X1         NangateOpenCellLibrary
                                                          0.798000  
U1305                     INV_X1          NangateOpenCellLibrary
                                                          0.532000  
U1306                     INV_X1          NangateOpenCellLibrary
                                                          0.532000  
U1307                     INV_X1          NangateOpenCellLibrary
                                                          0.532000  
U1308                     NAND2_X1        NangateOpenCellLibrary
                                                          0.798000  
U1309                     INV_X1          NangateOpenCellLibrary
                                                          0.532000  
U1310                     INV_X1          NangateOpenCellLibrary
                                                          0.532000  
U1311                     NAND2_X1        NangateOpenCellLibrary
                                                          0.798000  
U1312                     INV_X1          NangateOpenCellLibrary
                                                          0.532000  
U1313                     NAND2_X1        NangateOpenCellLibrary
                                                          0.798000  
U1314                     INV_X1          NangateOpenCellLibrary
                                                          0.532000  
U1315                     NAND2_X1        NangateOpenCellLibrary
                                                          0.798000  
U1316                     INV_X1          NangateOpenCellLibrary
                                                          0.532000  
U1317                     NAND2_X1        NangateOpenCellLibrary
                                                          0.798000  
U1318                     INV_X1          NangateOpenCellLibrary
                                                          0.532000  
U1319                     NAND2_X1        NangateOpenCellLibrary
                                                          0.798000  
U1320                     INV_X1          NangateOpenCellLibrary
                                                          0.532000  
U1321                     NAND2_X1        NangateOpenCellLibrary
                                                          0.798000  
U1322                     INV_X1          NangateOpenCellLibrary
                                                          0.532000  
U1323                     NAND2_X1        NangateOpenCellLibrary
                                                          0.798000  
U1324                     INV_X1          NangateOpenCellLibrary
                                                          0.532000  
U1325                     NAND2_X1        NangateOpenCellLibrary
                                                          0.798000  
U1326                     INV_X1          NangateOpenCellLibrary
                                                          0.532000  
U1327                     NOR2_X1         NangateOpenCellLibrary
                                                          0.798000  
U1328                     INV_X1          NangateOpenCellLibrary
                                                          0.532000  
U1329                     NAND2_X1        NangateOpenCellLibrary
                                                          0.798000  
U1330                     INV_X1          NangateOpenCellLibrary
                                                          0.532000  
U1331                     AOI22_X1        NangateOpenCellLibrary
                                                          1.330000  
U1332                     INV_X1          NangateOpenCellLibrary
                                                          0.532000  
U1333                     AOI22_X1        NangateOpenCellLibrary
                                                          1.330000  
U1334                     AOI22_X1        NangateOpenCellLibrary
                                                          1.330000  
U1335                     NAND2_X1        NangateOpenCellLibrary
                                                          0.798000  
U1336                     NOR2_X1         NangateOpenCellLibrary
                                                          0.798000  
U1337                     INV_X1          NangateOpenCellLibrary
                                                          0.532000  
U1338                     AOI22_X1        NangateOpenCellLibrary
                                                          1.330000  
U1339                     AOI22_X1        NangateOpenCellLibrary
                                                          1.330000  
U1340                     NOR2_X1         NangateOpenCellLibrary
                                                          0.798000  
U1341                     NAND2_X1        NangateOpenCellLibrary
                                                          0.798000  
U1342                     FA_X1           NangateOpenCellLibrary
                                                          4.256000  r
U1343                     OAI22_X1        NangateOpenCellLibrary
                                                          1.330000  
U1344                     NOR2_X1         NangateOpenCellLibrary
                                                          0.798000  
U1345                     FA_X1           NangateOpenCellLibrary
                                                          4.256000  r
U1346                     INV_X1          NangateOpenCellLibrary
                                                          0.532000  
U1347                     INV_X1          NangateOpenCellLibrary
                                                          0.532000  
U1348                     AOI22_X1        NangateOpenCellLibrary
                                                          1.330000  
U1349                     AOI22_X1        NangateOpenCellLibrary
                                                          1.330000  
U1350                     INV_X1          NangateOpenCellLibrary
                                                          0.532000  
U1351                     OAI22_X1        NangateOpenCellLibrary
                                                          1.330000  
U1352                     AOI22_X1        NangateOpenCellLibrary
                                                          1.330000  
U1353                     NOR2_X1         NangateOpenCellLibrary
                                                          0.798000  
U1354                     AND2_X1         NangateOpenCellLibrary
                                                          1.064000  
U1355                     AND2_X1         NangateOpenCellLibrary
                                                          1.064000  
U1356                     OAI22_X1        NangateOpenCellLibrary
                                                          1.330000  
U1357                     AOI22_X1        NangateOpenCellLibrary
                                                          1.330000  
U1358                     INV_X1          NangateOpenCellLibrary
                                                          0.532000  
U1359                     AOI22_X1        NangateOpenCellLibrary
                                                          1.330000  
U1360                     INV_X1          NangateOpenCellLibrary
                                                          0.532000  
U1361                     NOR2_X1         NangateOpenCellLibrary
                                                          0.798000  
U1362                     INV_X1          NangateOpenCellLibrary
                                                          0.532000  
U1363                     AOI22_X1        NangateOpenCellLibrary
                                                          1.330000  
U1364                     AOI22_X1        NangateOpenCellLibrary
                                                          1.330000  
U1365                     AOI22_X1        NangateOpenCellLibrary
                                                          1.330000  
U1366                     AOI22_X1        NangateOpenCellLibrary
                                                          1.330000  
U1367                     OAI22_X1        NangateOpenCellLibrary
                                                          1.330000  
U1368                     AOI22_X1        NangateOpenCellLibrary
                                                          1.330000  
U1369                     INV_X1          NangateOpenCellLibrary
                                                          0.532000  
U1370                     FA_X1           NangateOpenCellLibrary
                                                          4.256000  r
U1371                     INV_X1          NangateOpenCellLibrary
                                                          0.532000  
U1372                     NAND2_X1        NangateOpenCellLibrary
                                                          0.798000  
U1373                     OAI21_X1        NangateOpenCellLibrary
                                                          1.064000  
U1374                     NOR2_X1         NangateOpenCellLibrary
                                                          0.798000  
U1375                     INV_X1          NangateOpenCellLibrary
                                                          0.532000  
U1376                     NAND2_X1        NangateOpenCellLibrary
                                                          0.798000  
U1377                     FA_X1           NangateOpenCellLibrary
                                                          4.256000  r
U1378                     INV_X1          NangateOpenCellLibrary
                                                          0.532000  
U1379                     NAND2_X1        NangateOpenCellLibrary
                                                          0.798000  
U1380                     NAND2_X1        NangateOpenCellLibrary
                                                          0.798000  
U1381                     NAND2_X1        NangateOpenCellLibrary
                                                          0.798000  
U1382                     NOR2_X1         NangateOpenCellLibrary
                                                          0.798000  
U1383                     AOI21_X1        NangateOpenCellLibrary
                                                          1.064000  
U1384                     FA_X1           NangateOpenCellLibrary
                                                          4.256000  r
U1385                     OAI222_X1       NangateOpenCellLibrary
                                                          2.128000  
U1386                     INV_X1          NangateOpenCellLibrary
                                                          0.532000  
U1387                     FA_X1           NangateOpenCellLibrary
                                                          4.256000  r
U1388                     INV_X1          NangateOpenCellLibrary
                                                          0.532000  
U1389                     INV_X1          NangateOpenCellLibrary
                                                          0.532000  
U1390                     INV_X1          NangateOpenCellLibrary
                                                          0.532000  
U1391                     INV_X1          NangateOpenCellLibrary
                                                          0.532000  
U1392                     INV_X1          NangateOpenCellLibrary
                                                          0.532000  
U1393                     INV_X1          NangateOpenCellLibrary
                                                          0.532000  
U1394                     NOR2_X1         NangateOpenCellLibrary
                                                          0.798000  
U1395                     INV_X1          NangateOpenCellLibrary
                                                          0.532000  
U1396                     INV_X1          NangateOpenCellLibrary
                                                          0.532000  
U1397                     INV_X1          NangateOpenCellLibrary
                                                          0.532000  
U1398                     INV_X1          NangateOpenCellLibrary
                                                          0.532000  
U1399                     INV_X1          NangateOpenCellLibrary
                                                          0.532000  
U1400                     NOR2_X1         NangateOpenCellLibrary
                                                          0.798000  
U1401                     INV_X1          NangateOpenCellLibrary
                                                          0.532000  
U1402                     FA_X1           NangateOpenCellLibrary
                                                          4.256000  r
U1403                     INV_X1          NangateOpenCellLibrary
                                                          0.532000  
U1404                     NAND2_X1        NangateOpenCellLibrary
                                                          0.798000  
U1405                     INV_X1          NangateOpenCellLibrary
                                                          0.532000  
U1406                     NAND2_X1        NangateOpenCellLibrary
                                                          0.798000  
U1407                     INV_X1          NangateOpenCellLibrary
                                                          0.532000  
U1408                     NAND2_X1        NangateOpenCellLibrary
                                                          0.798000  
U1409                     INV_X1          NangateOpenCellLibrary
                                                          0.532000  
U1410                     NAND2_X1        NangateOpenCellLibrary
                                                          0.798000  
U1411                     INV_X1          NangateOpenCellLibrary
                                                          0.532000  
U1412                     NAND2_X1        NangateOpenCellLibrary
                                                          0.798000  
U1413                     INV_X1          NangateOpenCellLibrary
                                                          0.532000  
U1414                     NAND2_X1        NangateOpenCellLibrary
                                                          0.798000  
U1415                     INV_X1          NangateOpenCellLibrary
                                                          0.532000  
U1416                     NAND2_X1        NangateOpenCellLibrary
                                                          0.798000  
U1417                     INV_X1          NangateOpenCellLibrary
                                                          0.532000  
U1418                     NAND2_X1        NangateOpenCellLibrary
                                                          0.798000  
U1419                     INV_X1          NangateOpenCellLibrary
                                                          0.532000  
U1420                     NAND2_X1        NangateOpenCellLibrary
                                                          0.798000  
U1421                     INV_X1          NangateOpenCellLibrary
                                                          0.532000  
U1422                     NAND2_X1        NangateOpenCellLibrary
                                                          0.798000  
U1423                     INV_X1          NangateOpenCellLibrary
                                                          0.532000  
U1424                     NAND2_X1        NangateOpenCellLibrary
                                                          0.798000  
U1425                     INV_X1          NangateOpenCellLibrary
                                                          0.532000  
U1426                     NAND2_X1        NangateOpenCellLibrary
                                                          0.798000  
U1427                     INV_X1          NangateOpenCellLibrary
                                                          0.532000  
U1428                     NAND2_X1        NangateOpenCellLibrary
                                                          0.798000  
U1429                     INV_X1          NangateOpenCellLibrary
                                                          0.532000  
U1430                     NAND2_X1        NangateOpenCellLibrary
                                                          0.798000  
U1431                     INV_X1          NangateOpenCellLibrary
                                                          0.532000  
U1432                     AND2_X1         NangateOpenCellLibrary
                                                          1.064000  
U1433                     NAND2_X1        NangateOpenCellLibrary
                                                          0.798000  
U1434                     NOR2_X1         NangateOpenCellLibrary
                                                          0.798000  
U1435                     INV_X1          NangateOpenCellLibrary
                                                          0.532000  
U1436                     AOI22_X1        NangateOpenCellLibrary
                                                          1.330000  
U1437                     INV_X1          NangateOpenCellLibrary
                                                          0.532000  
U1438                     AOI22_X1        NangateOpenCellLibrary
                                                          1.330000  
U1439                     OAI22_X1        NangateOpenCellLibrary
                                                          1.330000  
U1440                     INV_X1          NangateOpenCellLibrary
                                                          0.532000  
U1441                     AOI22_X1        NangateOpenCellLibrary
                                                          1.330000  
U1442                     OAI22_X1        NangateOpenCellLibrary
                                                          1.330000  
U1443                     INV_X1          NangateOpenCellLibrary
                                                          0.532000  
U1444                     INV_X1          NangateOpenCellLibrary
                                                          0.532000  
U1445                     INV_X1          NangateOpenCellLibrary
                                                          0.532000  
U1446                     INV_X1          NangateOpenCellLibrary
                                                          0.532000  
U1447                     INV_X1          NangateOpenCellLibrary
                                                          0.532000  
U1448                     NOR2_X1         NangateOpenCellLibrary
                                                          0.798000  
U1449                     INV_X1          NangateOpenCellLibrary
                                                          0.532000  
U1450                     INV_X1          NangateOpenCellLibrary
                                                          0.532000  
U1451                     INV_X1          NangateOpenCellLibrary
                                                          0.532000  
U1452                     INV_X1          NangateOpenCellLibrary
                                                          0.532000  
U1453                     INV_X1          NangateOpenCellLibrary
                                                          0.532000  
U1454                     NOR2_X1         NangateOpenCellLibrary
                                                          0.798000  
U1455                     INV_X1          NangateOpenCellLibrary
                                                          0.532000  
U1456                     INV_X1          NangateOpenCellLibrary
                                                          0.532000  
U1457                     INV_X1          NangateOpenCellLibrary
                                                          0.532000  
U1458                     NAND2_X1        NangateOpenCellLibrary
                                                          0.798000  
U1459                     INV_X1          NangateOpenCellLibrary
                                                          0.532000  
U1460                     FA_X1           NangateOpenCellLibrary
                                                          4.256000  r
U1461                     INV_X1          NangateOpenCellLibrary
                                                          0.532000  
U1462                     NAND2_X1        NangateOpenCellLibrary
                                                          0.798000  
U1463                     INV_X1          NangateOpenCellLibrary
                                                          0.532000  
U1464                     NAND2_X1        NangateOpenCellLibrary
                                                          0.798000  
U1465                     INV_X1          NangateOpenCellLibrary
                                                          0.532000  
U1466                     NAND2_X1        NangateOpenCellLibrary
                                                          0.798000  
U1467                     INV_X1          NangateOpenCellLibrary
                                                          0.532000  
U1468                     INV_X1          NangateOpenCellLibrary
                                                          0.532000  
U1469                     NAND2_X1        NangateOpenCellLibrary
                                                          0.798000  
U1470                     INV_X1          NangateOpenCellLibrary
                                                          0.532000  
U1471                     NAND2_X1        NangateOpenCellLibrary
                                                          0.798000  
U1472                     INV_X1          NangateOpenCellLibrary
                                                          0.532000  
U1473                     NAND2_X1        NangateOpenCellLibrary
                                                          0.798000  
U1474                     INV_X1          NangateOpenCellLibrary
                                                          0.532000  
U1475                     NAND2_X1        NangateOpenCellLibrary
                                                          0.798000  
U1476                     INV_X1          NangateOpenCellLibrary
                                                          0.532000  
U1477                     NAND2_X1        NangateOpenCellLibrary
                                                          0.798000  
U1478                     INV_X1          NangateOpenCellLibrary
                                                          0.532000  
U1479                     NAND2_X1        NangateOpenCellLibrary
                                                          0.798000  
U1480                     INV_X1          NangateOpenCellLibrary
                                                          0.532000  
U1481                     NAND2_X1        NangateOpenCellLibrary
                                                          0.798000  
U1482                     INV_X1          NangateOpenCellLibrary
                                                          0.532000  
U1483                     NAND2_X1        NangateOpenCellLibrary
                                                          0.798000  
U1484                     INV_X1          NangateOpenCellLibrary
                                                          0.532000  
U1485                     NAND2_X1        NangateOpenCellLibrary
                                                          0.798000  
U1486                     INV_X1          NangateOpenCellLibrary
                                                          0.532000  
U1487                     NAND2_X1        NangateOpenCellLibrary
                                                          0.798000  
U1488                     INV_X1          NangateOpenCellLibrary
                                                          0.532000  
U1489                     NAND2_X1        NangateOpenCellLibrary
                                                          0.798000  
U1490                     INV_X1          NangateOpenCellLibrary
                                                          0.532000  
U1491                     NOR2_X1         NangateOpenCellLibrary
                                                          0.798000  
U1492                     NAND2_X1        NangateOpenCellLibrary
                                                          0.798000  
U1493                     NOR2_X1         NangateOpenCellLibrary
                                                          0.798000  
U1494                     INV_X1          NangateOpenCellLibrary
                                                          0.532000  
U1495                     AOI22_X1        NangateOpenCellLibrary
                                                          1.330000  
U1496                     INV_X1          NangateOpenCellLibrary
                                                          0.532000  
U1497                     AOI22_X1        NangateOpenCellLibrary
                                                          1.330000  
U1498                     OAI22_X1        NangateOpenCellLibrary
                                                          1.330000  
U1499                     INV_X1          NangateOpenCellLibrary
                                                          0.532000  
U1500                     AOI22_X1        NangateOpenCellLibrary
                                                          1.330000  
U1501                     OAI22_X1        NangateOpenCellLibrary
                                                          1.330000  
U1502                     INV_X1          NangateOpenCellLibrary
                                                          0.532000  
U1503                     FA_X1           NangateOpenCellLibrary
                                                          4.256000  r
U1504                     INV_X1          NangateOpenCellLibrary
                                                          0.532000  
U1505                     AND2_X1         NangateOpenCellLibrary
                                                          1.064000  
U1506                     AND2_X1         NangateOpenCellLibrary
                                                          1.064000  
U1507                     OAI22_X1        NangateOpenCellLibrary
                                                          1.330000  
U1508                     OAI22_X1        NangateOpenCellLibrary
                                                          1.330000  
U1509                     INV_X1          NangateOpenCellLibrary
                                                          0.532000  
U1510                     OAI22_X1        NangateOpenCellLibrary
                                                          1.330000  
U1511                     AOI22_X1        NangateOpenCellLibrary
                                                          1.330000  
U1512                     INV_X1          NangateOpenCellLibrary
                                                          0.532000  
U1513                     NOR2_X1         NangateOpenCellLibrary
                                                          0.798000  
U1514                     INV_X1          NangateOpenCellLibrary
                                                          0.532000  
U1515                     AOI22_X1        NangateOpenCellLibrary
                                                          1.330000  
U1516                     INV_X1          NangateOpenCellLibrary
                                                          0.532000  
U1517                     AOI22_X1        NangateOpenCellLibrary
                                                          1.330000  
U1518                     AOI22_X1        NangateOpenCellLibrary
                                                          1.330000  
U1519                     AOI22_X1        NangateOpenCellLibrary
                                                          1.330000  
U1520                     AOI22_X1        NangateOpenCellLibrary
                                                          1.330000  
U1521                     OAI22_X1        NangateOpenCellLibrary
                                                          1.330000  
U1522                     AOI22_X1        NangateOpenCellLibrary
                                                          1.330000  
U1523                     INV_X1          NangateOpenCellLibrary
                                                          0.532000  
U1524                     INV_X1          NangateOpenCellLibrary
                                                          0.532000  
U1525                     INV_X1          NangateOpenCellLibrary
                                                          0.532000  
U1526                     INV_X1          NangateOpenCellLibrary
                                                          0.532000  
U1527                     INV_X1          NangateOpenCellLibrary
                                                          0.532000  
U1528                     INV_X1          NangateOpenCellLibrary
                                                          0.532000  
U1529                     INV_X1          NangateOpenCellLibrary
                                                          0.532000  
U1530                     NOR2_X1         NangateOpenCellLibrary
                                                          0.798000  
U1531                     OAI22_X1        NangateOpenCellLibrary
                                                          1.330000  
U1532                     AOI21_X1        NangateOpenCellLibrary
                                                          1.064000  
U1533                     AOI22_X1        NangateOpenCellLibrary
                                                          1.330000  
U1534                     INV_X1          NangateOpenCellLibrary
                                                          0.532000  
U1535                     AOI22_X1        NangateOpenCellLibrary
                                                          1.330000  
U1536                     AOI22_X1        NangateOpenCellLibrary
                                                          1.330000  
U1537                     INV_X1          NangateOpenCellLibrary
                                                          0.532000  
U1538                     NAND2_X1        NangateOpenCellLibrary
                                                          0.798000  
U1539                     INV_X1          NangateOpenCellLibrary
                                                          0.532000  
U1540                     INV_X1          NangateOpenCellLibrary
                                                          0.532000  
U1541                     AOI22_X1        NangateOpenCellLibrary
                                                          1.330000  
U1542                     INV_X1          NangateOpenCellLibrary
                                                          0.532000  
U1543                     AOI22_X1        NangateOpenCellLibrary
                                                          1.330000  
U1544                     INV_X1          NangateOpenCellLibrary
                                                          0.532000  
U1545                     AOI22_X1        NangateOpenCellLibrary
                                                          1.330000  
U1546                     AOI22_X1        NangateOpenCellLibrary
                                                          1.330000  
U1547                     AOI22_X1        NangateOpenCellLibrary
                                                          1.330000  
U1548                     AOI22_X1        NangateOpenCellLibrary
                                                          1.330000  
U1549                     AOI22_X1        NangateOpenCellLibrary
                                                          1.330000  
U1550                     NAND3_X1        NangateOpenCellLibrary
                                                          1.064000  
U1551                     FA_X1           NangateOpenCellLibrary
                                                          4.256000  r
U1552                     INV_X1          NangateOpenCellLibrary
                                                          0.532000  
U1553                     INV_X1          NangateOpenCellLibrary
                                                          0.532000  
U1554                     INV_X1          NangateOpenCellLibrary
                                                          0.532000  
U1555                     NOR2_X1         NangateOpenCellLibrary
                                                          0.798000  
U1556                     INV_X1          NangateOpenCellLibrary
                                                          0.532000  
U1557                     FA_X1           NangateOpenCellLibrary
                                                          4.256000  r
U1558                     INV_X1          NangateOpenCellLibrary
                                                          0.532000  
U1559                     OAI22_X1        NangateOpenCellLibrary
                                                          1.330000  
U1560                     OAI22_X1        NangateOpenCellLibrary
                                                          1.330000  
U1561                     INV_X1          NangateOpenCellLibrary
                                                          0.532000  
U1562                     NOR2_X1         NangateOpenCellLibrary
                                                          0.798000  
U1563                     NAND2_X1        NangateOpenCellLibrary
                                                          0.798000  
U1564                     INV_X1          NangateOpenCellLibrary
                                                          0.532000  
U1565                     NAND2_X1        NangateOpenCellLibrary
                                                          0.798000  
U1566                     INV_X1          NangateOpenCellLibrary
                                                          0.532000  
U1567                     NAND2_X1        NangateOpenCellLibrary
                                                          0.798000  
U1568                     INV_X1          NangateOpenCellLibrary
                                                          0.532000  
U1569                     NAND2_X1        NangateOpenCellLibrary
                                                          0.798000  
U1570                     INV_X1          NangateOpenCellLibrary
                                                          0.532000  
U1571                     NAND2_X1        NangateOpenCellLibrary
                                                          0.798000  
U1572                     INV_X1          NangateOpenCellLibrary
                                                          0.532000  
U1573                     NAND2_X1        NangateOpenCellLibrary
                                                          0.798000  
U1574                     INV_X1          NangateOpenCellLibrary
                                                          0.532000  
U1575                     NAND2_X1        NangateOpenCellLibrary
                                                          0.798000  
U1576                     INV_X1          NangateOpenCellLibrary
                                                          0.532000  
U1577                     NAND2_X1        NangateOpenCellLibrary
                                                          0.798000  
U1578                     INV_X1          NangateOpenCellLibrary
                                                          0.532000  
U1579                     NAND2_X1        NangateOpenCellLibrary
                                                          0.798000  
U1580                     INV_X1          NangateOpenCellLibrary
                                                          0.532000  
U1581                     NAND2_X1        NangateOpenCellLibrary
                                                          0.798000  
U1582                     INV_X1          NangateOpenCellLibrary
                                                          0.532000  
U1583                     NAND2_X1        NangateOpenCellLibrary
                                                          0.798000  
U1584                     INV_X1          NangateOpenCellLibrary
                                                          0.532000  
U1585                     NAND2_X1        NangateOpenCellLibrary
                                                          0.798000  
U1586                     INV_X1          NangateOpenCellLibrary
                                                          0.532000  
U1587                     NAND2_X1        NangateOpenCellLibrary
                                                          0.798000  
U1588                     INV_X1          NangateOpenCellLibrary
                                                          0.532000  
U1589                     NOR2_X1         NangateOpenCellLibrary
                                                          0.798000  
U1590                     INV_X1          NangateOpenCellLibrary
                                                          0.532000  
U1591                     NAND2_X1        NangateOpenCellLibrary
                                                          0.798000  
U1592                     INV_X1          NangateOpenCellLibrary
                                                          0.532000  
U1593                     AOI22_X1        NangateOpenCellLibrary
                                                          1.330000  
U1594                     INV_X1          NangateOpenCellLibrary
                                                          0.532000  
U1595                     AOI22_X1        NangateOpenCellLibrary
                                                          1.330000  
U1596                     AOI22_X1        NangateOpenCellLibrary
                                                          1.330000  
U1597                     NAND2_X1        NangateOpenCellLibrary
                                                          0.798000  
U1598                     NOR2_X1         NangateOpenCellLibrary
                                                          0.798000  
U1599                     INV_X1          NangateOpenCellLibrary
                                                          0.532000  
U1600                     AOI22_X1        NangateOpenCellLibrary
                                                          1.330000  
U1601                     AOI22_X1        NangateOpenCellLibrary
                                                          1.330000  
U1602                     NOR2_X1         NangateOpenCellLibrary
                                                          0.798000  
U1603                     NAND2_X1        NangateOpenCellLibrary
                                                          0.798000  
U1604                     INV_X1          NangateOpenCellLibrary
                                                          0.532000  
U1605                     NAND2_X1        NangateOpenCellLibrary
                                                          0.798000  
U1606                     NOR2_X1         NangateOpenCellLibrary
                                                          0.798000  
U1607                     AOI21_X1        NangateOpenCellLibrary
                                                          1.064000  
U1608                     FA_X1           NangateOpenCellLibrary
                                                          4.256000  r
U1609                     OAI222_X1       NangateOpenCellLibrary
                                                          2.128000  
U1610                     INV_X1          NangateOpenCellLibrary
                                                          0.532000  
U1611                     INV_X1          NangateOpenCellLibrary
                                                          0.532000  
U1612                     INV_X1          NangateOpenCellLibrary
                                                          0.532000  
U1613                     INV_X1          NangateOpenCellLibrary
                                                          0.532000  
U1614                     NOR2_X1         NangateOpenCellLibrary
                                                          0.798000  
U1615                     OAI22_X1        NangateOpenCellLibrary
                                                          1.330000  
U1616                     AOI21_X1        NangateOpenCellLibrary
                                                          1.064000  
U1617                     INV_X1          NangateOpenCellLibrary
                                                          0.532000  
U1618                     AOI22_X1        NangateOpenCellLibrary
                                                          1.330000  
U1619                     INV_X1          NangateOpenCellLibrary
                                                          0.532000  
U1620                     AOI22_X1        NangateOpenCellLibrary
                                                          1.330000  
U1621                     AOI22_X1        NangateOpenCellLibrary
                                                          1.330000  
U1622                     INV_X1          NangateOpenCellLibrary
                                                          0.532000  
U1623                     NAND2_X1        NangateOpenCellLibrary
                                                          0.798000  
U1624                     INV_X1          NangateOpenCellLibrary
                                                          0.532000  
U1625                     INV_X1          NangateOpenCellLibrary
                                                          0.532000  
U1626                     AOI22_X1        NangateOpenCellLibrary
                                                          1.330000  
U1627                     INV_X1          NangateOpenCellLibrary
                                                          0.532000  
U1628                     AOI22_X1        NangateOpenCellLibrary
                                                          1.330000  
U1629                     INV_X1          NangateOpenCellLibrary
                                                          0.532000  
U1630                     AOI22_X1        NangateOpenCellLibrary
                                                          1.330000  
U1631                     INV_X1          NangateOpenCellLibrary
                                                          0.532000  
U1632                     AOI22_X1        NangateOpenCellLibrary
                                                          1.330000  
U1633                     AOI22_X1        NangateOpenCellLibrary
                                                          1.330000  
U1634                     AOI22_X1        NangateOpenCellLibrary
                                                          1.330000  
U1635                     AOI22_X1        NangateOpenCellLibrary
                                                          1.330000  
U1636                     NAND3_X1        NangateOpenCellLibrary
                                                          1.064000  
U1637                     FA_X1           NangateOpenCellLibrary
                                                          4.256000  r
U1638                     INV_X1          NangateOpenCellLibrary
                                                          0.532000  
U1639                     FA_X1           NangateOpenCellLibrary
                                                          4.256000  r
U1640                     INV_X1          NangateOpenCellLibrary
                                                          0.532000  
U1641                     INV_X1          NangateOpenCellLibrary
                                                          0.532000  
U1642                     FA_X1           NangateOpenCellLibrary
                                                          4.256000  r
U1643                     INV_X1          NangateOpenCellLibrary
                                                          0.532000  
U1644                     INV_X1          NangateOpenCellLibrary
                                                          0.532000  
U1645                     INV_X1          NangateOpenCellLibrary
                                                          0.532000  
U1646                     NOR2_X1         NangateOpenCellLibrary
                                                          0.798000  
U1647                     INV_X1          NangateOpenCellLibrary
                                                          0.532000  
U1648                     INV_X1          NangateOpenCellLibrary
                                                          0.532000  
U1649                     INV_X1          NangateOpenCellLibrary
                                                          0.532000  
U1650                     NAND2_X1        NangateOpenCellLibrary
                                                          0.798000  
U1651                     INV_X1          NangateOpenCellLibrary
                                                          0.532000  
U1652                     INV_X1          NangateOpenCellLibrary
                                                          0.532000  
U1653                     NAND2_X1        NangateOpenCellLibrary
                                                          0.798000  
U1654                     INV_X1          NangateOpenCellLibrary
                                                          0.532000  
U1655                     NAND2_X1        NangateOpenCellLibrary
                                                          0.798000  
U1656                     INV_X1          NangateOpenCellLibrary
                                                          0.532000  
U1657                     NAND2_X1        NangateOpenCellLibrary
                                                          0.798000  
U1658                     INV_X1          NangateOpenCellLibrary
                                                          0.532000  
U1659                     NAND2_X1        NangateOpenCellLibrary
                                                          0.798000  
U1660                     INV_X1          NangateOpenCellLibrary
                                                          0.532000  
U1661                     NAND2_X1        NangateOpenCellLibrary
                                                          0.798000  
U1662                     INV_X1          NangateOpenCellLibrary
                                                          0.532000  
U1663                     NAND2_X1        NangateOpenCellLibrary
                                                          0.798000  
U1664                     INV_X1          NangateOpenCellLibrary
                                                          0.532000  
U1665                     NAND2_X1        NangateOpenCellLibrary
                                                          0.798000  
U1666                     INV_X1          NangateOpenCellLibrary
                                                          0.532000  
U1667                     NAND2_X1        NangateOpenCellLibrary
                                                          0.798000  
U1668                     INV_X1          NangateOpenCellLibrary
                                                          0.532000  
U1669                     NAND2_X1        NangateOpenCellLibrary
                                                          0.798000  
U1670                     INV_X1          NangateOpenCellLibrary
                                                          0.532000  
U1671                     NAND2_X1        NangateOpenCellLibrary
                                                          0.798000  
U1672                     INV_X1          NangateOpenCellLibrary
                                                          0.532000  
U1673                     NAND2_X1        NangateOpenCellLibrary
                                                          0.798000  
U1674                     INV_X1          NangateOpenCellLibrary
                                                          0.532000  
U1675                     NAND2_X1        NangateOpenCellLibrary
                                                          0.798000  
U1676                     INV_X1          NangateOpenCellLibrary
                                                          0.532000  
U1677                     NAND2_X1        NangateOpenCellLibrary
                                                          0.798000  
U1678                     INV_X1          NangateOpenCellLibrary
                                                          0.532000  
U1679                     AND2_X1         NangateOpenCellLibrary
                                                          1.064000  
U1680                     AND2_X1         NangateOpenCellLibrary
                                                          1.064000  
U1681                     AND2_X1         NangateOpenCellLibrary
                                                          1.064000  
U1682                     AND2_X1         NangateOpenCellLibrary
                                                          1.064000  
U1683                     AND2_X1         NangateOpenCellLibrary
                                                          1.064000  
U1684                     AND2_X1         NangateOpenCellLibrary
                                                          1.064000  
U1685                     AND2_X1         NangateOpenCellLibrary
                                                          1.064000  
U1686                     NAND3_X1        NangateOpenCellLibrary
                                                          1.064000  
U1687                     NOR3_X1         NangateOpenCellLibrary
                                                          1.064000  
U1688                     NAND3_X1        NangateOpenCellLibrary
                                                          1.064000  
U1689                     AOI21_X1        NangateOpenCellLibrary
                                                          1.064000  
U1690                     AOI21_X1        NangateOpenCellLibrary
                                                          1.064000  
U1691                     NOR2_X1         NangateOpenCellLibrary
                                                          0.798000  
U1692                     NOR4_X1         NangateOpenCellLibrary
                                                          1.330000  
U1693                     NOR4_X1         NangateOpenCellLibrary
                                                          1.330000  
U1694                     NAND4_X1        NangateOpenCellLibrary
                                                          1.330000  
U1695                     NOR2_X1         NangateOpenCellLibrary
                                                          0.798000  
U1696                     NOR3_X2         NangateOpenCellLibrary
                                                          1.862000  
U1697                     CLKBUF_X1       NangateOpenCellLibrary
                                                          0.798000  
U1698                     NOR3_X2         NangateOpenCellLibrary
                                                          1.862000  
U1699                     AOI22_X1        NangateOpenCellLibrary
                                                          1.330000  
U1700                     NOR3_X4         NangateOpenCellLibrary
                                                          3.724000  
U1701                     NOR3_X2         NangateOpenCellLibrary
                                                          1.862000  
U1702                     CLKBUF_X1       NangateOpenCellLibrary
                                                          0.798000  
U1703                     AOI22_X1        NangateOpenCellLibrary
                                                          1.330000  
U1704                     NOR2_X4         NangateOpenCellLibrary
                                                          2.394000  
U1705                     NOR2_X1         NangateOpenCellLibrary
                                                          0.798000  
U1706                     CLKBUF_X1       NangateOpenCellLibrary
                                                          0.798000  
U1707                     AOI22_X1        NangateOpenCellLibrary
                                                          1.330000  
U1708                     NOR3_X1         NangateOpenCellLibrary
                                                          1.064000  
U1709                     CLKBUF_X1       NangateOpenCellLibrary
                                                          0.798000  
U1710                     NOR3_X1         NangateOpenCellLibrary
                                                          1.064000  
U1711                     CLKBUF_X1       NangateOpenCellLibrary
                                                          0.798000  
U1712                     AOI22_X1        NangateOpenCellLibrary
                                                          1.330000  
U1713                     NAND4_X1        NangateOpenCellLibrary
                                                          1.330000  
U1714                     AOI22_X1        NangateOpenCellLibrary
                                                          1.330000  
U1715                     AOI22_X1        NangateOpenCellLibrary
                                                          1.330000  
U1716                     CLKBUF_X1       NangateOpenCellLibrary
                                                          0.798000  
U1717                     AOI22_X1        NangateOpenCellLibrary
                                                          1.330000  
U1718                     AOI22_X1        NangateOpenCellLibrary
                                                          1.330000  
U1719                     NAND4_X1        NangateOpenCellLibrary
                                                          1.330000  
U1720                     AOI22_X1        NangateOpenCellLibrary
                                                          1.330000  
U1721                     AOI22_X1        NangateOpenCellLibrary
                                                          1.330000  
U1722                     AOI22_X1        NangateOpenCellLibrary
                                                          1.330000  
U1723                     AOI22_X1        NangateOpenCellLibrary
                                                          1.330000  
U1724                     NAND4_X1        NangateOpenCellLibrary
                                                          1.330000  
U1725                     AOI22_X1        NangateOpenCellLibrary
                                                          1.330000  
U1726                     AOI22_X1        NangateOpenCellLibrary
                                                          1.330000  
U1727                     AOI22_X1        NangateOpenCellLibrary
                                                          1.330000  
U1728                     AOI22_X1        NangateOpenCellLibrary
                                                          1.330000  
U1729                     NAND4_X1        NangateOpenCellLibrary
                                                          1.330000  
U1730                     AOI22_X1        NangateOpenCellLibrary
                                                          1.330000  
U1731                     AOI22_X1        NangateOpenCellLibrary
                                                          1.330000  
U1732                     AOI22_X1        NangateOpenCellLibrary
                                                          1.330000  
U1733                     AOI22_X1        NangateOpenCellLibrary
                                                          1.330000  
U1734                     NAND4_X1        NangateOpenCellLibrary
                                                          1.330000  
U1735                     AOI22_X1        NangateOpenCellLibrary
                                                          1.330000  
U1736                     AOI22_X1        NangateOpenCellLibrary
                                                          1.330000  
U1737                     AOI22_X1        NangateOpenCellLibrary
                                                          1.330000  
U1738                     AOI22_X1        NangateOpenCellLibrary
                                                          1.330000  
U1739                     NAND4_X1        NangateOpenCellLibrary
                                                          1.330000  
U1740                     AOI22_X1        NangateOpenCellLibrary
                                                          1.330000  
U1741                     AOI22_X1        NangateOpenCellLibrary
                                                          1.330000  
U1742                     AOI22_X1        NangateOpenCellLibrary
                                                          1.330000  
U1743                     CLKBUF_X1       NangateOpenCellLibrary
                                                          0.798000  
U1744                     AOI22_X1        NangateOpenCellLibrary
                                                          1.330000  
U1745                     NAND4_X1        NangateOpenCellLibrary
                                                          1.330000  
U1746                     AOI22_X1        NangateOpenCellLibrary
                                                          1.330000  
U1747                     AOI22_X1        NangateOpenCellLibrary
                                                          1.330000  
U1748                     AOI22_X1        NangateOpenCellLibrary
                                                          1.330000  
U1749                     AOI22_X1        NangateOpenCellLibrary
                                                          1.330000  
U1750                     NAND4_X1        NangateOpenCellLibrary
                                                          1.330000  
U1751                     AOI22_X1        NangateOpenCellLibrary
                                                          1.330000  
U1752                     AOI22_X1        NangateOpenCellLibrary
                                                          1.330000  
U1753                     AOI22_X1        NangateOpenCellLibrary
                                                          1.330000  
U1754                     AOI22_X1        NangateOpenCellLibrary
                                                          1.330000  
U1755                     NAND4_X1        NangateOpenCellLibrary
                                                          1.330000  
U1756                     AOI22_X1        NangateOpenCellLibrary
                                                          1.330000  
U1757                     AOI22_X1        NangateOpenCellLibrary
                                                          1.330000  
U1758                     AOI22_X1        NangateOpenCellLibrary
                                                          1.330000  
U1759                     AOI22_X1        NangateOpenCellLibrary
                                                          1.330000  
U1760                     NAND4_X1        NangateOpenCellLibrary
                                                          1.330000  
U1761                     AOI22_X1        NangateOpenCellLibrary
                                                          1.330000  
U1762                     AOI22_X1        NangateOpenCellLibrary
                                                          1.330000  
U1763                     AOI22_X1        NangateOpenCellLibrary
                                                          1.330000  
U1764                     AOI22_X1        NangateOpenCellLibrary
                                                          1.330000  
U1765                     NAND4_X1        NangateOpenCellLibrary
                                                          1.330000  
U1766                     AOI22_X1        NangateOpenCellLibrary
                                                          1.330000  
U1767                     AOI22_X1        NangateOpenCellLibrary
                                                          1.330000  
U1768                     AOI22_X1        NangateOpenCellLibrary
                                                          1.330000  
U1769                     AOI22_X1        NangateOpenCellLibrary
                                                          1.330000  
U1770                     NAND4_X1        NangateOpenCellLibrary
                                                          1.330000  
U1771                     AOI22_X1        NangateOpenCellLibrary
                                                          1.330000  
U1772                     AOI22_X1        NangateOpenCellLibrary
                                                          1.330000  
U1773                     AOI22_X1        NangateOpenCellLibrary
                                                          1.330000  
U1774                     AOI22_X1        NangateOpenCellLibrary
                                                          1.330000  
U1775                     NAND4_X1        NangateOpenCellLibrary
                                                          1.330000  
U1776                     AOI22_X1        NangateOpenCellLibrary
                                                          1.330000  
U1777                     AOI22_X1        NangateOpenCellLibrary
                                                          1.330000  
U1778                     AOI22_X1        NangateOpenCellLibrary
                                                          1.330000  
U1779                     AOI22_X1        NangateOpenCellLibrary
                                                          1.330000  
U1780                     NAND4_X1        NangateOpenCellLibrary
                                                          1.330000  
U1781                     AOI22_X1        NangateOpenCellLibrary
                                                          1.330000  
U1782                     AOI22_X1        NangateOpenCellLibrary
                                                          1.330000  
U1783                     AOI22_X1        NangateOpenCellLibrary
                                                          1.330000  
U1784                     AOI22_X1        NangateOpenCellLibrary
                                                          1.330000  
U1785                     NAND4_X1        NangateOpenCellLibrary
                                                          1.330000  
U1786                     AOI22_X1        NangateOpenCellLibrary
                                                          1.330000  
U1787                     AOI22_X1        NangateOpenCellLibrary
                                                          1.330000  
U1788                     AOI22_X1        NangateOpenCellLibrary
                                                          1.330000  
U1789                     AOI22_X1        NangateOpenCellLibrary
                                                          1.330000  
U1790                     NAND4_X1        NangateOpenCellLibrary
                                                          1.330000  
U1791                     AOI22_X1        NangateOpenCellLibrary
                                                          1.330000  
U1792                     AOI22_X1        NangateOpenCellLibrary
                                                          1.330000  
U1793                     AOI22_X1        NangateOpenCellLibrary
                                                          1.330000  
U1794                     AOI22_X1        NangateOpenCellLibrary
                                                          1.330000  
U1795                     NAND4_X1        NangateOpenCellLibrary
                                                          1.330000  
U1796                     AOI22_X1        NangateOpenCellLibrary
                                                          1.330000  
U1797                     AOI22_X1        NangateOpenCellLibrary
                                                          1.330000  
U1798                     AOI22_X1        NangateOpenCellLibrary
                                                          1.330000  
U1799                     AOI22_X1        NangateOpenCellLibrary
                                                          1.330000  
U1800                     NAND4_X1        NangateOpenCellLibrary
                                                          1.330000  
U1801                     AOI22_X1        NangateOpenCellLibrary
                                                          1.330000  
U1802                     AOI22_X1        NangateOpenCellLibrary
                                                          1.330000  
U1803                     AOI22_X1        NangateOpenCellLibrary
                                                          1.330000  
U1804                     AOI22_X1        NangateOpenCellLibrary
                                                          1.330000  
U1805                     NAND4_X1        NangateOpenCellLibrary
                                                          1.330000  
U1806                     AOI22_X1        NangateOpenCellLibrary
                                                          1.330000  
U1807                     AOI22_X1        NangateOpenCellLibrary
                                                          1.330000  
U1808                     AOI22_X1        NangateOpenCellLibrary
                                                          1.330000  
U1809                     AOI22_X1        NangateOpenCellLibrary
                                                          1.330000  
U1810                     NAND4_X1        NangateOpenCellLibrary
                                                          1.330000  
U1811                     AOI22_X1        NangateOpenCellLibrary
                                                          1.330000  
U1812                     AOI22_X1        NangateOpenCellLibrary
                                                          1.330000  
U1813                     AOI22_X1        NangateOpenCellLibrary
                                                          1.330000  
U1814                     AOI22_X1        NangateOpenCellLibrary
                                                          1.330000  
U1815                     NAND4_X1        NangateOpenCellLibrary
                                                          1.330000  
U1816                     AOI22_X1        NangateOpenCellLibrary
                                                          1.330000  
U1817                     AOI22_X1        NangateOpenCellLibrary
                                                          1.330000  
U1818                     AOI22_X1        NangateOpenCellLibrary
                                                          1.330000  
U1819                     AOI22_X1        NangateOpenCellLibrary
                                                          1.330000  
U1820                     NAND4_X1        NangateOpenCellLibrary
                                                          1.330000  
U1821                     AOI22_X1        NangateOpenCellLibrary
                                                          1.330000  
U1822                     AOI22_X1        NangateOpenCellLibrary
                                                          1.330000  
U1823                     AOI22_X1        NangateOpenCellLibrary
                                                          1.330000  
U1824                     AOI22_X1        NangateOpenCellLibrary
                                                          1.330000  
U1825                     NAND4_X1        NangateOpenCellLibrary
                                                          1.330000  
U1826                     AOI22_X1        NangateOpenCellLibrary
                                                          1.330000  
U1827                     AOI22_X1        NangateOpenCellLibrary
                                                          1.330000  
U1828                     AOI22_X1        NangateOpenCellLibrary
                                                          1.330000  
U1829                     AOI22_X1        NangateOpenCellLibrary
                                                          1.330000  
U1830                     NAND4_X1        NangateOpenCellLibrary
                                                          1.330000  
U1831                     AOI22_X1        NangateOpenCellLibrary
                                                          1.330000  
U1832                     AOI22_X1        NangateOpenCellLibrary
                                                          1.330000  
U1833                     AOI22_X1        NangateOpenCellLibrary
                                                          1.330000  
U1834                     AOI22_X1        NangateOpenCellLibrary
                                                          1.330000  
U1835                     NAND4_X1        NangateOpenCellLibrary
                                                          1.330000  
U1836                     AOI22_X1        NangateOpenCellLibrary
                                                          1.330000  
U1837                     AOI22_X1        NangateOpenCellLibrary
                                                          1.330000  
U1838                     AOI22_X1        NangateOpenCellLibrary
                                                          1.330000  
U1839                     AOI22_X1        NangateOpenCellLibrary
                                                          1.330000  
U1840                     NAND4_X1        NangateOpenCellLibrary
                                                          1.330000  
U1841                     AOI22_X1        NangateOpenCellLibrary
                                                          1.330000  
U1842                     AOI22_X1        NangateOpenCellLibrary
                                                          1.330000  
U1843                     AOI22_X1        NangateOpenCellLibrary
                                                          1.330000  
U1844                     AOI22_X1        NangateOpenCellLibrary
                                                          1.330000  
U1845                     NAND4_X1        NangateOpenCellLibrary
                                                          1.330000  
U1846                     AOI22_X1        NangateOpenCellLibrary
                                                          1.330000  
U1847                     AOI22_X1        NangateOpenCellLibrary
                                                          1.330000  
U1848                     AOI22_X1        NangateOpenCellLibrary
                                                          1.330000  
U1849                     AOI22_X1        NangateOpenCellLibrary
                                                          1.330000  
U1850                     NAND4_X1        NangateOpenCellLibrary
                                                          1.330000  
U1851                     AOI22_X1        NangateOpenCellLibrary
                                                          1.330000  
U1852                     AOI22_X1        NangateOpenCellLibrary
                                                          1.330000  
U1853                     AOI22_X1        NangateOpenCellLibrary
                                                          1.330000  
U1854                     AOI22_X1        NangateOpenCellLibrary
                                                          1.330000  
U1855                     NAND4_X1        NangateOpenCellLibrary
                                                          1.330000  
U1856                     AOI22_X1        NangateOpenCellLibrary
                                                          1.330000  
U1857                     AOI22_X1        NangateOpenCellLibrary
                                                          1.330000  
U1858                     AOI22_X1        NangateOpenCellLibrary
                                                          1.330000  
U1859                     AOI22_X1        NangateOpenCellLibrary
                                                          1.330000  
U1860                     NAND4_X1        NangateOpenCellLibrary
                                                          1.330000  
U1861                     AOI22_X1        NangateOpenCellLibrary
                                                          1.330000  
U1862                     AOI22_X1        NangateOpenCellLibrary
                                                          1.330000  
U1863                     AOI22_X1        NangateOpenCellLibrary
                                                          1.330000  
U1864                     AOI22_X1        NangateOpenCellLibrary
                                                          1.330000  
U1865                     NAND4_X1        NangateOpenCellLibrary
                                                          1.330000  
U1866                     AOI22_X1        NangateOpenCellLibrary
                                                          1.330000  
U1867                     AOI22_X1        NangateOpenCellLibrary
                                                          1.330000  
U1868                     AOI22_X1        NangateOpenCellLibrary
                                                          1.330000  
U1869                     AOI22_X1        NangateOpenCellLibrary
                                                          1.330000  
U1870                     NAND4_X1        NangateOpenCellLibrary
                                                          1.330000  
U1871                     AOI22_X1        NangateOpenCellLibrary
                                                          1.330000  
U1872                     AOI22_X1        NangateOpenCellLibrary
                                                          1.330000  
U1873                     AOI22_X1        NangateOpenCellLibrary
                                                          1.330000  
U1874                     AOI22_X1        NangateOpenCellLibrary
                                                          1.330000  
U1875                     AOI22_X1        NangateOpenCellLibrary
                                                          1.330000  
U1876                     AND2_X1         NangateOpenCellLibrary
                                                          1.064000  
U1877                     INV_X1          NangateOpenCellLibrary
                                                          0.532000  
U1878                     OAI21_X1        NangateOpenCellLibrary
                                                          1.064000  
U1879                     NAND2_X1        NangateOpenCellLibrary
                                                          0.798000  
U1880                     NOR3_X1         NangateOpenCellLibrary
                                                          1.064000  
U1881                     NAND2_X1        NangateOpenCellLibrary
                                                          0.798000  
U1882                     NAND2_X1        NangateOpenCellLibrary
                                                          0.798000  
U1883                     INV_X1          NangateOpenCellLibrary
                                                          0.532000  
U1884                     NAND2_X1        NangateOpenCellLibrary
                                                          0.798000  
U1885                     INV_X1          NangateOpenCellLibrary
                                                          0.532000  
U1886                     AOI21_X1        NangateOpenCellLibrary
                                                          1.064000  
U1887                     NOR2_X1         NangateOpenCellLibrary
                                                          0.798000  
U1888                     NAND2_X1        NangateOpenCellLibrary
                                                          0.798000  
U1889                     OAI221_X1       NangateOpenCellLibrary
                                                          1.596000  
U1890                     NAND2_X1        NangateOpenCellLibrary
                                                          0.798000  
U1891                     INV_X1          NangateOpenCellLibrary
                                                          0.532000  
U1892                     AOI22_X1        NangateOpenCellLibrary
                                                          1.330000  
U1893                     OAI211_X1       NangateOpenCellLibrary
                                                          1.330000  
U1894                     INV_X1          NangateOpenCellLibrary
                                                          0.532000  
U1895                     OAI22_X1        NangateOpenCellLibrary
                                                          1.330000  
U1896                     OAI21_X1        NangateOpenCellLibrary
                                                          1.064000  
U1897                     OAI22_X1        NangateOpenCellLibrary
                                                          1.330000  
U1899                     INV_X1          NangateOpenCellLibrary
                                                          0.532000  
U1900                     AOI221_X1       NangateOpenCellLibrary
                                                          1.596000  
U1901                     NAND2_X1        NangateOpenCellLibrary
                                                          0.798000  
U1902                     AOI21_X1        NangateOpenCellLibrary
                                                          1.064000  
U1903                     AOI21_X1        NangateOpenCellLibrary
                                                          1.064000  
U1904                     NAND2_X1        NangateOpenCellLibrary
                                                          0.798000  
U1905                     AOI211_X1       NangateOpenCellLibrary
                                                          1.330000  
U1906                     NOR2_X1         NangateOpenCellLibrary
                                                          0.798000  
U1907                     NAND2_X1        NangateOpenCellLibrary
                                                          0.798000  
U1908                     NOR2_X1         NangateOpenCellLibrary
                                                          0.798000  
U1909                     CLKBUF_X1       NangateOpenCellLibrary
                                                          0.798000  
U1910                     NAND2_X1        NangateOpenCellLibrary
                                                          0.798000  
U1911                     NOR2_X1         NangateOpenCellLibrary
                                                          0.798000  
U1912                     AOI22_X1        NangateOpenCellLibrary
                                                          1.330000  
U1913                     NOR3_X1         NangateOpenCellLibrary
                                                          1.064000  
U1914                     CLKBUF_X1       NangateOpenCellLibrary
                                                          0.798000  
U1915                     NAND2_X1        NangateOpenCellLibrary
                                                          0.798000  
U1916                     NOR2_X1         NangateOpenCellLibrary
                                                          0.798000  
U1917                     AOI22_X1        NangateOpenCellLibrary
                                                          1.330000  
U1918                     NOR3_X1         NangateOpenCellLibrary
                                                          1.064000  
U1919                     CLKBUF_X1       NangateOpenCellLibrary
                                                          0.798000  
U1920                     NOR3_X1         NangateOpenCellLibrary
                                                          1.064000  
U1921                     CLKBUF_X1       NangateOpenCellLibrary
                                                          0.798000  
U1922                     AOI22_X1        NangateOpenCellLibrary
                                                          1.330000  
U1923                     NOR2_X1         NangateOpenCellLibrary
                                                          0.798000  
U1924                     NOR3_X1         NangateOpenCellLibrary
                                                          1.064000  
U1925                     NOR4_X1         NangateOpenCellLibrary
                                                          1.330000  
U1926                     NAND4_X1        NangateOpenCellLibrary
                                                          1.330000  
U1927                     NOR3_X1         NangateOpenCellLibrary
                                                          1.064000  
U1928                     INV_X1          NangateOpenCellLibrary
                                                          0.532000  
U1929                     AOI22_X1        NangateOpenCellLibrary
                                                          1.330000  
U1930                     NOR2_X1         NangateOpenCellLibrary
                                                          0.798000  
U1931                     CLKBUF_X1       NangateOpenCellLibrary
                                                          0.798000  
U1932                     NOR3_X1         NangateOpenCellLibrary
                                                          1.064000  
U1933                     CLKBUF_X1       NangateOpenCellLibrary
                                                          0.798000  
U1934                     AOI22_X1        NangateOpenCellLibrary
                                                          1.330000  
U1935                     AND4_X1         NangateOpenCellLibrary
                                                          1.596000  
U1936                     NAND2_X1        NangateOpenCellLibrary
                                                          0.798000  
U1937                     AOI22_X1        NangateOpenCellLibrary
                                                          1.330000  
U1938                     CLKBUF_X1       NangateOpenCellLibrary
                                                          0.798000  
U1939                     AOI22_X1        NangateOpenCellLibrary
                                                          1.330000  
U1940                     AOI22_X1        NangateOpenCellLibrary
                                                          1.330000  
U1941                     AOI22_X1        NangateOpenCellLibrary
                                                          1.330000  
U1942                     AOI22_X1        NangateOpenCellLibrary
                                                          1.330000  
U1943                     AND4_X1         NangateOpenCellLibrary
                                                          1.596000  
U1944                     NAND2_X1        NangateOpenCellLibrary
                                                          0.798000  
U1945                     AOI22_X1        NangateOpenCellLibrary
                                                          1.330000  
U1946                     AOI22_X1        NangateOpenCellLibrary
                                                          1.330000  
U1947                     AOI22_X1        NangateOpenCellLibrary
                                                          1.330000  
U1948                     AOI22_X1        NangateOpenCellLibrary
                                                          1.330000  
U1949                     NAND2_X1        NangateOpenCellLibrary
                                                          0.798000  
U1950                     AOI21_X1        NangateOpenCellLibrary
                                                          1.064000  
U1951                     NAND3_X1        NangateOpenCellLibrary
                                                          1.064000  
U1952                     AOI22_X1        NangateOpenCellLibrary
                                                          1.330000  
U1953                     AOI22_X1        NangateOpenCellLibrary
                                                          1.330000  
U1954                     CLKBUF_X1       NangateOpenCellLibrary
                                                          0.798000  
U1955                     AOI22_X1        NangateOpenCellLibrary
                                                          1.330000  
U1956                     AOI22_X1        NangateOpenCellLibrary
                                                          1.330000  
U1957                     NAND2_X1        NangateOpenCellLibrary
                                                          0.798000  
U1958                     AOI21_X1        NangateOpenCellLibrary
                                                          1.064000  
U1959                     NAND3_X1        NangateOpenCellLibrary
                                                          1.064000  
U1960                     AOI22_X1        NangateOpenCellLibrary
                                                          1.330000  
U1961                     AOI22_X1        NangateOpenCellLibrary
                                                          1.330000  
U1962                     AOI22_X1        NangateOpenCellLibrary
                                                          1.330000  
U1963                     AOI22_X1        NangateOpenCellLibrary
                                                          1.330000  
U1964                     NAND2_X1        NangateOpenCellLibrary
                                                          0.798000  
U1965                     AOI21_X1        NangateOpenCellLibrary
                                                          1.064000  
U1966                     NAND3_X1        NangateOpenCellLibrary
                                                          1.064000  
U1967                     AOI22_X1        NangateOpenCellLibrary
                                                          1.330000  
U1968                     AOI22_X1        NangateOpenCellLibrary
                                                          1.330000  
U1969                     AOI22_X1        NangateOpenCellLibrary
                                                          1.330000  
U1970                     AOI22_X1        NangateOpenCellLibrary
                                                          1.330000  
U1971                     NAND2_X1        NangateOpenCellLibrary
                                                          0.798000  
U1972                     AOI21_X1        NangateOpenCellLibrary
                                                          1.064000  
U1973                     NAND3_X1        NangateOpenCellLibrary
                                                          1.064000  
U1974                     AOI22_X1        NangateOpenCellLibrary
                                                          1.330000  
U1975                     AOI22_X1        NangateOpenCellLibrary
                                                          1.330000  
U1976                     AOI22_X1        NangateOpenCellLibrary
                                                          1.330000  
U1977                     AOI22_X1        NangateOpenCellLibrary
                                                          1.330000  
U1978                     NAND2_X1        NangateOpenCellLibrary
                                                          0.798000  
U1979                     AOI21_X1        NangateOpenCellLibrary
                                                          1.064000  
U1980                     NAND3_X1        NangateOpenCellLibrary
                                                          1.064000  
U1981                     AOI22_X1        NangateOpenCellLibrary
                                                          1.330000  
U1982                     AOI22_X1        NangateOpenCellLibrary
                                                          1.330000  
U1983                     AOI22_X1        NangateOpenCellLibrary
                                                          1.330000  
U1984                     AOI22_X1        NangateOpenCellLibrary
                                                          1.330000  
U1985                     NAND2_X1        NangateOpenCellLibrary
                                                          0.798000  
U1986                     AOI21_X1        NangateOpenCellLibrary
                                                          1.064000  
U1987                     NAND3_X1        NangateOpenCellLibrary
                                                          1.064000  
U1988                     AOI22_X1        NangateOpenCellLibrary
                                                          1.330000  
U1989                     AOI22_X1        NangateOpenCellLibrary
                                                          1.330000  
U1990                     AOI22_X1        NangateOpenCellLibrary
                                                          1.330000  
U1991                     AOI22_X1        NangateOpenCellLibrary
                                                          1.330000  
U1992                     NAND2_X1        NangateOpenCellLibrary
                                                          0.798000  
U1993                     AOI21_X1        NangateOpenCellLibrary
                                                          1.064000  
U1994                     NAND3_X1        NangateOpenCellLibrary
                                                          1.064000  
U1995                     AOI22_X1        NangateOpenCellLibrary
                                                          1.330000  
U1996                     AOI22_X1        NangateOpenCellLibrary
                                                          1.330000  
U1997                     AOI22_X1        NangateOpenCellLibrary
                                                          1.330000  
U1998                     AOI22_X1        NangateOpenCellLibrary
                                                          1.330000  
U1999                     NAND2_X1        NangateOpenCellLibrary
                                                          0.798000  
U2000                     AOI21_X1        NangateOpenCellLibrary
                                                          1.064000  
U2001                     NAND3_X1        NangateOpenCellLibrary
                                                          1.064000  
U2002                     AOI22_X1        NangateOpenCellLibrary
                                                          1.330000  
U2003                     AOI22_X1        NangateOpenCellLibrary
                                                          1.330000  
U2004                     AOI22_X1        NangateOpenCellLibrary
                                                          1.330000  
U2005                     AOI22_X1        NangateOpenCellLibrary
                                                          1.330000  
U2006                     NAND2_X1        NangateOpenCellLibrary
                                                          0.798000  
U2007                     AOI21_X1        NangateOpenCellLibrary
                                                          1.064000  
U2008                     NAND3_X1        NangateOpenCellLibrary
                                                          1.064000  
U2009                     AOI22_X1        NangateOpenCellLibrary
                                                          1.330000  
U2010                     AOI22_X1        NangateOpenCellLibrary
                                                          1.330000  
U2011                     AOI22_X1        NangateOpenCellLibrary
                                                          1.330000  
U2012                     AOI22_X1        NangateOpenCellLibrary
                                                          1.330000  
U2013                     NAND2_X1        NangateOpenCellLibrary
                                                          0.798000  
U2014                     AOI21_X1        NangateOpenCellLibrary
                                                          1.064000  
U2015                     NAND3_X1        NangateOpenCellLibrary
                                                          1.064000  
U2016                     AOI22_X1        NangateOpenCellLibrary
                                                          1.330000  
U2017                     AOI22_X1        NangateOpenCellLibrary
                                                          1.330000  
U2018                     AOI22_X1        NangateOpenCellLibrary
                                                          1.330000  
U2019                     AOI22_X1        NangateOpenCellLibrary
                                                          1.330000  
U2020                     NAND2_X1        NangateOpenCellLibrary
                                                          0.798000  
U2021                     AOI21_X1        NangateOpenCellLibrary
                                                          1.064000  
U2022                     NAND3_X1        NangateOpenCellLibrary
                                                          1.064000  
U2023                     AOI22_X1        NangateOpenCellLibrary
                                                          1.330000  
U2024                     AOI22_X1        NangateOpenCellLibrary
                                                          1.330000  
U2025                     AOI22_X1        NangateOpenCellLibrary
                                                          1.330000  
U2026                     AOI22_X1        NangateOpenCellLibrary
                                                          1.330000  
U2027                     NAND2_X1        NangateOpenCellLibrary
                                                          0.798000  
U2028                     AOI21_X1        NangateOpenCellLibrary
                                                          1.064000  
U2029                     NAND3_X1        NangateOpenCellLibrary
                                                          1.064000  
U2030                     AOI22_X1        NangateOpenCellLibrary
                                                          1.330000  
U2031                     AOI22_X1        NangateOpenCellLibrary
                                                          1.330000  
U2032                     AOI22_X1        NangateOpenCellLibrary
                                                          1.330000  
U2033                     AOI22_X1        NangateOpenCellLibrary
                                                          1.330000  
U2034                     NAND2_X1        NangateOpenCellLibrary
                                                          0.798000  
U2035                     AOI21_X1        NangateOpenCellLibrary
                                                          1.064000  
U2036                     NAND3_X1        NangateOpenCellLibrary
                                                          1.064000  
U2037                     AOI22_X1        NangateOpenCellLibrary
                                                          1.330000  
U2038                     AOI22_X1        NangateOpenCellLibrary
                                                          1.330000  
U2039                     AOI22_X1        NangateOpenCellLibrary
                                                          1.330000  
U2040                     AOI22_X1        NangateOpenCellLibrary
                                                          1.330000  
U2041                     NAND2_X1        NangateOpenCellLibrary
                                                          0.798000  
U2042                     AOI21_X1        NangateOpenCellLibrary
                                                          1.064000  
U2043                     NAND3_X1        NangateOpenCellLibrary
                                                          1.064000  
U2044                     AOI22_X1        NangateOpenCellLibrary
                                                          1.330000  
U2045                     AOI22_X1        NangateOpenCellLibrary
                                                          1.330000  
U2046                     AOI22_X1        NangateOpenCellLibrary
                                                          1.330000  
U2047                     AOI22_X1        NangateOpenCellLibrary
                                                          1.330000  
U2048                     NAND2_X1        NangateOpenCellLibrary
                                                          0.798000  
U2049                     AOI21_X1        NangateOpenCellLibrary
                                                          1.064000  
U2050                     NAND3_X1        NangateOpenCellLibrary
                                                          1.064000  
U2051                     AOI22_X1        NangateOpenCellLibrary
                                                          1.330000  
U2052                     AOI22_X1        NangateOpenCellLibrary
                                                          1.330000  
U2053                     AOI22_X1        NangateOpenCellLibrary
                                                          1.330000  
U2054                     AOI22_X1        NangateOpenCellLibrary
                                                          1.330000  
U2055                     NAND2_X1        NangateOpenCellLibrary
                                                          0.798000  
U2056                     AOI21_X1        NangateOpenCellLibrary
                                                          1.064000  
U2057                     NAND3_X1        NangateOpenCellLibrary
                                                          1.064000  
U2058                     AOI22_X1        NangateOpenCellLibrary
                                                          1.330000  
U2059                     AOI22_X1        NangateOpenCellLibrary
                                                          1.330000  
U2060                     AOI22_X1        NangateOpenCellLibrary
                                                          1.330000  
U2061                     AOI22_X1        NangateOpenCellLibrary
                                                          1.330000  
U2062                     NAND2_X1        NangateOpenCellLibrary
                                                          0.798000  
U2063                     AOI21_X1        NangateOpenCellLibrary
                                                          1.064000  
U2064                     NAND3_X1        NangateOpenCellLibrary
                                                          1.064000  
U2065                     AOI22_X1        NangateOpenCellLibrary
                                                          1.330000  
U2066                     AOI22_X1        NangateOpenCellLibrary
                                                          1.330000  
U2067                     AOI22_X1        NangateOpenCellLibrary
                                                          1.330000  
U2068                     AOI22_X1        NangateOpenCellLibrary
                                                          1.330000  
U2069                     NAND2_X1        NangateOpenCellLibrary
                                                          0.798000  
U2070                     AOI21_X1        NangateOpenCellLibrary
                                                          1.064000  
U2071                     NAND3_X1        NangateOpenCellLibrary
                                                          1.064000  
U2072                     AOI22_X1        NangateOpenCellLibrary
                                                          1.330000  
U2073                     AOI22_X1        NangateOpenCellLibrary
                                                          1.330000  
U2074                     AOI22_X1        NangateOpenCellLibrary
                                                          1.330000  
U2075                     AOI22_X1        NangateOpenCellLibrary
                                                          1.330000  
U2076                     NAND2_X1        NangateOpenCellLibrary
                                                          0.798000  
U2077                     AOI21_X1        NangateOpenCellLibrary
                                                          1.064000  
U2078                     NAND3_X1        NangateOpenCellLibrary
                                                          1.064000  
U2079                     AOI22_X1        NangateOpenCellLibrary
                                                          1.330000  
U2080                     AOI22_X1        NangateOpenCellLibrary
                                                          1.330000  
U2081                     AOI22_X1        NangateOpenCellLibrary
                                                          1.330000  
U2082                     AOI22_X1        NangateOpenCellLibrary
                                                          1.330000  
U2083                     NAND2_X1        NangateOpenCellLibrary
                                                          0.798000  
U2084                     AOI21_X1        NangateOpenCellLibrary
                                                          1.064000  
U2085                     NAND3_X1        NangateOpenCellLibrary
                                                          1.064000  
U2086                     AOI22_X1        NangateOpenCellLibrary
                                                          1.330000  
U2087                     AOI22_X1        NangateOpenCellLibrary
                                                          1.330000  
U2088                     AOI22_X1        NangateOpenCellLibrary
                                                          1.330000  
U2089                     AOI22_X1        NangateOpenCellLibrary
                                                          1.330000  
U2090                     NAND2_X1        NangateOpenCellLibrary
                                                          0.798000  
U2091                     AOI21_X1        NangateOpenCellLibrary
                                                          1.064000  
U2092                     NAND3_X1        NangateOpenCellLibrary
                                                          1.064000  
U2093                     AOI22_X1        NangateOpenCellLibrary
                                                          1.330000  
U2094                     AOI22_X1        NangateOpenCellLibrary
                                                          1.330000  
U2095                     AOI22_X1        NangateOpenCellLibrary
                                                          1.330000  
U2096                     AOI22_X1        NangateOpenCellLibrary
                                                          1.330000  
U2097                     NAND2_X1        NangateOpenCellLibrary
                                                          0.798000  
U2098                     AOI21_X1        NangateOpenCellLibrary
                                                          1.064000  
U2099                     NAND3_X1        NangateOpenCellLibrary
                                                          1.064000  
U2100                     AOI22_X1        NangateOpenCellLibrary
                                                          1.330000  
U2101                     AOI22_X1        NangateOpenCellLibrary
                                                          1.330000  
U2102                     AOI22_X1        NangateOpenCellLibrary
                                                          1.330000  
U2103                     AOI22_X1        NangateOpenCellLibrary
                                                          1.330000  
U2104                     NAND2_X1        NangateOpenCellLibrary
                                                          0.798000  
U2105                     AOI21_X1        NangateOpenCellLibrary
                                                          1.064000  
U2106                     NAND3_X1        NangateOpenCellLibrary
                                                          1.064000  
U2107                     AOI22_X1        NangateOpenCellLibrary
                                                          1.330000  
U2108                     AOI22_X1        NangateOpenCellLibrary
                                                          1.330000  
U2109                     AOI22_X1        NangateOpenCellLibrary
                                                          1.330000  
U2110                     AOI22_X1        NangateOpenCellLibrary
                                                          1.330000  
U2111                     NAND2_X1        NangateOpenCellLibrary
                                                          0.798000  
U2112                     AOI21_X1        NangateOpenCellLibrary
                                                          1.064000  
U2113                     NAND3_X1        NangateOpenCellLibrary
                                                          1.064000  
U2114                     AOI22_X1        NangateOpenCellLibrary
                                                          1.330000  
U2115                     AOI22_X1        NangateOpenCellLibrary
                                                          1.330000  
U2116                     AOI22_X1        NangateOpenCellLibrary
                                                          1.330000  
U2117                     AOI22_X1        NangateOpenCellLibrary
                                                          1.330000  
U2118                     NAND2_X1        NangateOpenCellLibrary
                                                          0.798000  
U2119                     AOI21_X1        NangateOpenCellLibrary
                                                          1.064000  
U2120                     NAND3_X1        NangateOpenCellLibrary
                                                          1.064000  
U2121                     AOI22_X1        NangateOpenCellLibrary
                                                          1.330000  
U2122                     AOI22_X1        NangateOpenCellLibrary
                                                          1.330000  
U2123                     AOI22_X1        NangateOpenCellLibrary
                                                          1.330000  
U2124                     AOI22_X1        NangateOpenCellLibrary
                                                          1.330000  
U2125                     NAND2_X1        NangateOpenCellLibrary
                                                          0.798000  
U2126                     AOI21_X1        NangateOpenCellLibrary
                                                          1.064000  
U2127                     NAND3_X1        NangateOpenCellLibrary
                                                          1.064000  
U2128                     AOI22_X1        NangateOpenCellLibrary
                                                          1.330000  
U2129                     AOI22_X1        NangateOpenCellLibrary
                                                          1.330000  
U2130                     AOI22_X1        NangateOpenCellLibrary
                                                          1.330000  
U2131                     AOI22_X1        NangateOpenCellLibrary
                                                          1.330000  
U2132                     NAND2_X1        NangateOpenCellLibrary
                                                          0.798000  
U2133                     AOI21_X1        NangateOpenCellLibrary
                                                          1.064000  
U2134                     NAND3_X1        NangateOpenCellLibrary
                                                          1.064000  
U2135                     AOI22_X1        NangateOpenCellLibrary
                                                          1.330000  
U2136                     AOI22_X1        NangateOpenCellLibrary
                                                          1.330000  
U2137                     AOI22_X1        NangateOpenCellLibrary
                                                          1.330000  
U2138                     AOI22_X1        NangateOpenCellLibrary
                                                          1.330000  
U2139                     NAND2_X1        NangateOpenCellLibrary
                                                          0.798000  
U2140                     AOI21_X1        NangateOpenCellLibrary
                                                          1.064000  
U2141                     NAND3_X1        NangateOpenCellLibrary
                                                          1.064000  
U2142                     AOI22_X1        NangateOpenCellLibrary
                                                          1.330000  
U2143                     AOI22_X1        NangateOpenCellLibrary
                                                          1.330000  
U2144                     AOI22_X1        NangateOpenCellLibrary
                                                          1.330000  
U2145                     AOI22_X1        NangateOpenCellLibrary
                                                          1.330000  
U2146                     NAND2_X1        NangateOpenCellLibrary
                                                          0.798000  
U2147                     AOI21_X1        NangateOpenCellLibrary
                                                          1.064000  
U2148                     NAND3_X1        NangateOpenCellLibrary
                                                          1.064000  
U2149                     AOI22_X1        NangateOpenCellLibrary
                                                          1.330000  
U2150                     AOI22_X1        NangateOpenCellLibrary
                                                          1.330000  
U2151                     AOI22_X1        NangateOpenCellLibrary
                                                          1.330000  
U2152                     AOI22_X1        NangateOpenCellLibrary
                                                          1.330000  
U2153                     NAND2_X1        NangateOpenCellLibrary
                                                          0.798000  
U2154                     AOI21_X1        NangateOpenCellLibrary
                                                          1.064000  
U2155                     NAND3_X1        NangateOpenCellLibrary
                                                          1.064000  
U2156                     MUX2_X1         NangateOpenCellLibrary
                                                          1.862000  
U2157                     MUX2_X1         NangateOpenCellLibrary
                                                          1.862000  
U2158                     MUX2_X1         NangateOpenCellLibrary
                                                          1.862000  
U2159                     MUX2_X1         NangateOpenCellLibrary
                                                          1.862000  
U2160                     MUX2_X1         NangateOpenCellLibrary
                                                          1.862000  
U2161                     MUX2_X1         NangateOpenCellLibrary
                                                          1.862000  
U2162                     MUX2_X1         NangateOpenCellLibrary
                                                          1.862000  
U2163                     MUX2_X1         NangateOpenCellLibrary
                                                          1.862000  
U2164                     MUX2_X1         NangateOpenCellLibrary
                                                          1.862000  
U2165                     MUX2_X1         NangateOpenCellLibrary
                                                          1.862000  
U2166                     MUX2_X1         NangateOpenCellLibrary
                                                          1.862000  
U2167                     MUX2_X1         NangateOpenCellLibrary
                                                          1.862000  
U2168                     MUX2_X1         NangateOpenCellLibrary
                                                          1.862000  
U2169                     MUX2_X1         NangateOpenCellLibrary
                                                          1.862000  
U2170                     MUX2_X1         NangateOpenCellLibrary
                                                          1.862000  
U2171                     MUX2_X1         NangateOpenCellLibrary
                                                          1.862000  
U2172                     MUX2_X1         NangateOpenCellLibrary
                                                          1.862000  
U2173                     MUX2_X1         NangateOpenCellLibrary
                                                          1.862000  
U2174                     MUX2_X1         NangateOpenCellLibrary
                                                          1.862000  
U2175                     MUX2_X1         NangateOpenCellLibrary
                                                          1.862000  
U2176                     MUX2_X1         NangateOpenCellLibrary
                                                          1.862000  
U2177                     MUX2_X1         NangateOpenCellLibrary
                                                          1.862000  
U2178                     MUX2_X1         NangateOpenCellLibrary
                                                          1.862000  
U2179                     MUX2_X1         NangateOpenCellLibrary
                                                          1.862000  
U2180                     MUX2_X1         NangateOpenCellLibrary
                                                          1.862000  
U2181                     MUX2_X1         NangateOpenCellLibrary
                                                          1.862000  
U2182                     MUX2_X1         NangateOpenCellLibrary
                                                          1.862000  
U2183                     MUX2_X1         NangateOpenCellLibrary
                                                          1.862000  
U2184                     MUX2_X1         NangateOpenCellLibrary
                                                          1.862000  
U2185                     MUX2_X1         NangateOpenCellLibrary
                                                          1.862000  
U2186                     MUX2_X1         NangateOpenCellLibrary
                                                          1.862000  
U2187                     MUX2_X1         NangateOpenCellLibrary
                                                          1.862000  
U2188                     OAI21_X1        NangateOpenCellLibrary
                                                          1.064000  
U2189                     AOI22_X1        NangateOpenCellLibrary
                                                          1.330000  
U2190                     INV_X1          NangateOpenCellLibrary
                                                          0.532000  
U2191                     AOI21_X1        NangateOpenCellLibrary
                                                          1.064000  
U2192                     INV_X1          NangateOpenCellLibrary
                                                          0.532000  
U2193                     AOI21_X1        NangateOpenCellLibrary
                                                          1.064000  
U2194                     AOI21_X1        NangateOpenCellLibrary
                                                          1.064000  
U2195                     INV_X1          NangateOpenCellLibrary
                                                          0.532000  
U2196                     NOR2_X1         NangateOpenCellLibrary
                                                          0.798000  
U2197                     NOR2_X1         NangateOpenCellLibrary
                                                          0.798000  
U2198                     NAND4_X1        NangateOpenCellLibrary
                                                          1.330000  
U2199                     OAI21_X1        NangateOpenCellLibrary
                                                          1.064000  
U2200                     AOI22_X1        NangateOpenCellLibrary
                                                          1.330000  
U2201                     OAI22_X1        NangateOpenCellLibrary
                                                          1.330000  
U2202                     AOI21_X1        NangateOpenCellLibrary
                                                          1.064000  
U2203                     NAND2_X1        NangateOpenCellLibrary
                                                          0.798000  
U2204                     XOR2_X1         NangateOpenCellLibrary
                                                          1.596000  
U2205                     OAI21_X1        NangateOpenCellLibrary
                                                          1.064000  
U2206                     NAND2_X1        NangateOpenCellLibrary
                                                          0.798000  
U2207                     OAI21_X1        NangateOpenCellLibrary
                                                          1.064000  
U2208                     AOI22_X1        NangateOpenCellLibrary
                                                          1.330000  
U2209                     INV_X1          NangateOpenCellLibrary
                                                          0.532000  
U2210                     NOR3_X1         NangateOpenCellLibrary
                                                          1.064000  
U2211                     NAND2_X1        NangateOpenCellLibrary
                                                          0.798000  
U2212                     OAI22_X1        NangateOpenCellLibrary
                                                          1.330000  
U2213                     AOI21_X1        NangateOpenCellLibrary
                                                          1.064000  
U2214                     NAND2_X1        NangateOpenCellLibrary
                                                          0.798000  
U2215                     INV_X1          NangateOpenCellLibrary
                                                          0.532000  
U2216                     OAI21_X1        NangateOpenCellLibrary
                                                          1.064000  
U2217                     INV_X1          NangateOpenCellLibrary
                                                          0.532000  
U2218                     NAND2_X1        NangateOpenCellLibrary
                                                          0.798000  
U2219                     AOI22_X1        NangateOpenCellLibrary
                                                          1.330000  
U2220                     AOI22_X1        NangateOpenCellLibrary
                                                          1.330000  
U2221                     FA_X1           NangateOpenCellLibrary
                                                          4.256000  r
U2222                     INV_X1          NangateOpenCellLibrary
                                                          0.532000  
U2223                     AOI22_X1        NangateOpenCellLibrary
                                                          1.330000  
U2224                     INV_X1          NangateOpenCellLibrary
                                                          0.532000  
U2225                     AOI22_X1        NangateOpenCellLibrary
                                                          1.330000  
U2226                     AOI22_X1        NangateOpenCellLibrary
                                                          1.330000  
U2227                     INV_X1          NangateOpenCellLibrary
                                                          0.532000  
U2228                     AOI22_X1        NangateOpenCellLibrary
                                                          1.330000  
U2229                     OAI21_X1        NangateOpenCellLibrary
                                                          1.064000  
U2230                     NAND2_X1        NangateOpenCellLibrary
                                                          0.798000  
U2231                     XNOR2_X1        NangateOpenCellLibrary
                                                          1.596000  
U2232                     NOR2_X1         NangateOpenCellLibrary
                                                          0.798000  
U2233                     AND2_X1         NangateOpenCellLibrary
                                                          1.064000  
U2234                     NAND2_X1        NangateOpenCellLibrary
                                                          0.798000  
U2235                     XOR2_X1         NangateOpenCellLibrary
                                                          1.596000  
U2236                     NOR2_X1         NangateOpenCellLibrary
                                                          0.798000  
U2237                     AOI21_X1        NangateOpenCellLibrary
                                                          1.064000  
U2238                     INV_X1          NangateOpenCellLibrary
                                                          0.532000  
U2239                     MUX2_X1         NangateOpenCellLibrary
                                                          1.862000  
U2240                     NOR2_X1         NangateOpenCellLibrary
                                                          0.798000  
U2241                     INV_X1          NangateOpenCellLibrary
                                                          0.532000  
U2242                     AOI22_X1        NangateOpenCellLibrary
                                                          1.330000  
U2243                     OAI21_X1        NangateOpenCellLibrary
                                                          1.064000  
U2244                     FA_X1           NangateOpenCellLibrary
                                                          4.256000  r
U2245                     NAND3_X1        NangateOpenCellLibrary
                                                          1.064000  
U2246                     AOI22_X1        NangateOpenCellLibrary
                                                          1.330000  
U2247                     AOI22_X1        NangateOpenCellLibrary
                                                          1.330000  
U2248                     INV_X1          NangateOpenCellLibrary
                                                          0.532000  
U2249                     INV_X1          NangateOpenCellLibrary
                                                          0.532000  
U2250                     NOR2_X1         NangateOpenCellLibrary
                                                          0.798000  
U2251                     NOR2_X1         NangateOpenCellLibrary
                                                          0.798000  
U2252                     NAND2_X1        NangateOpenCellLibrary
                                                          0.798000  
U2253                     INV_X1          NangateOpenCellLibrary
                                                          0.532000  
U2254                     NOR2_X1         NangateOpenCellLibrary
                                                          0.798000  
U2255                     NOR2_X1         NangateOpenCellLibrary
                                                          0.798000  
U2256                     XNOR2_X1        NangateOpenCellLibrary
                                                          1.596000  
U2257                     AOI22_X1        NangateOpenCellLibrary
                                                          1.330000  
U2258                     AOI22_X1        NangateOpenCellLibrary
                                                          1.330000  
U2259                     AOI22_X1        NangateOpenCellLibrary
                                                          1.330000  
U2260                     AOI22_X1        NangateOpenCellLibrary
                                                          1.330000  
U2261                     NAND2_X1        NangateOpenCellLibrary
                                                          0.798000  
U2262                     XNOR2_X1        NangateOpenCellLibrary
                                                          1.596000  
U2263                     OAI22_X1        NangateOpenCellLibrary
                                                          1.330000  
U2264                     AOI21_X1        NangateOpenCellLibrary
                                                          1.064000  
U2265                     AOI22_X1        NangateOpenCellLibrary
                                                          1.330000  
U2266                     AOI22_X1        NangateOpenCellLibrary
                                                          1.330000  
U2267                     INV_X1          NangateOpenCellLibrary
                                                          0.532000  
U2268                     NAND2_X1        NangateOpenCellLibrary
                                                          0.798000  
U2269                     INV_X1          NangateOpenCellLibrary
                                                          0.532000  
U2270                     FA_X1           NangateOpenCellLibrary
                                                          4.256000  r
U2271                     OAI21_X1        NangateOpenCellLibrary
                                                          1.064000  
U2272                     INV_X1          NangateOpenCellLibrary
                                                          0.532000  
U2273                     NAND2_X1        NangateOpenCellLibrary
                                                          0.798000  
U2274                     INV_X1          NangateOpenCellLibrary
                                                          0.532000  
U2275                     NOR2_X1         NangateOpenCellLibrary
                                                          0.798000  
U2276                     NOR2_X1         NangateOpenCellLibrary
                                                          0.798000  
U2277                     XOR2_X1         NangateOpenCellLibrary
                                                          1.596000  
U2278                     AOI22_X1        NangateOpenCellLibrary
                                                          1.330000  
U2279                     AOI22_X1        NangateOpenCellLibrary
                                                          1.330000  
U2280                     OAI21_X1        NangateOpenCellLibrary
                                                          1.064000  
U2281                     OAI21_X1        NangateOpenCellLibrary
                                                          1.064000  
U2282                     INV_X1          NangateOpenCellLibrary
                                                          0.532000  
U2283                     MUX2_X1         NangateOpenCellLibrary
                                                          1.862000  
U2284                     AOI22_X1        NangateOpenCellLibrary
                                                          1.330000  
U2285                     OAI22_X1        NangateOpenCellLibrary
                                                          1.330000  
U2286                     INV_X1          NangateOpenCellLibrary
                                                          0.532000  
U2287                     AOI22_X1        NangateOpenCellLibrary
                                                          1.330000  
U2288                     AOI22_X1        NangateOpenCellLibrary
                                                          1.330000  
U2289                     AOI22_X1        NangateOpenCellLibrary
                                                          1.330000  
U2290                     NAND2_X1        NangateOpenCellLibrary
                                                          0.798000  
U2291                     XNOR2_X1        NangateOpenCellLibrary
                                                          1.596000  
U2292                     AOI22_X1        NangateOpenCellLibrary
                                                          1.330000  
U2293                     AOI22_X1        NangateOpenCellLibrary
                                                          1.330000  
U2294                     AOI22_X1        NangateOpenCellLibrary
                                                          1.330000  
U2295                     OAI22_X1        NangateOpenCellLibrary
                                                          1.330000  
U2296                     AOI22_X1        NangateOpenCellLibrary
                                                          1.330000  
U2297                     AOI22_X1        NangateOpenCellLibrary
                                                          1.330000  
U2298                     NOR2_X1         NangateOpenCellLibrary
                                                          0.798000  
U2299                     INV_X1          NangateOpenCellLibrary
                                                          0.532000  
U2300                     NAND2_X1        NangateOpenCellLibrary
                                                          0.798000  
U2301                     AOI22_X1        NangateOpenCellLibrary
                                                          1.330000  
U2302                     INV_X1          NangateOpenCellLibrary
                                                          0.532000  
U2303                     AOI22_X1        NangateOpenCellLibrary
                                                          1.330000  
U2304                     AOI22_X1        NangateOpenCellLibrary
                                                          1.330000  
U2305                     NAND3_X1        NangateOpenCellLibrary
                                                          1.064000  
U2306                     AOI22_X1        NangateOpenCellLibrary
                                                          1.330000  
U2307                     INV_X1          NangateOpenCellLibrary
                                                          0.532000  
U2308                     AOI22_X1        NangateOpenCellLibrary
                                                          1.330000  
U2309                     NOR2_X1         NangateOpenCellLibrary
                                                          0.798000  
U2310                     NOR2_X1         NangateOpenCellLibrary
                                                          0.798000  
U2311                     AOI22_X1        NangateOpenCellLibrary
                                                          1.330000  
U2312                     AOI22_X1        NangateOpenCellLibrary
                                                          1.330000  
U2313                     NAND3_X1        NangateOpenCellLibrary
                                                          1.064000  
U2314                     OAI22_X1        NangateOpenCellLibrary
                                                          1.330000  
U2315                     AOI22_X1        NangateOpenCellLibrary
                                                          1.330000  
U2316                     INV_X1          NangateOpenCellLibrary
                                                          0.532000  
U2317                     AOI21_X1        NangateOpenCellLibrary
                                                          1.064000  
U2318                     NOR2_X1         NangateOpenCellLibrary
                                                          0.798000  
U2319                     AOI21_X1        NangateOpenCellLibrary
                                                          1.064000  
U2320                     INV_X1          NangateOpenCellLibrary
                                                          0.532000  
U2321                     FA_X1           NangateOpenCellLibrary
                                                          4.256000  r
U2322                     INV_X1          NangateOpenCellLibrary
                                                          0.532000  
U2323                     FA_X1           NangateOpenCellLibrary
                                                          4.256000  r
U2324                     XOR2_X1         NangateOpenCellLibrary
                                                          1.596000  
U2325                     XNOR2_X1        NangateOpenCellLibrary
                                                          1.596000  
U2326                     AOI22_X1        NangateOpenCellLibrary
                                                          1.330000  
U2327                     AOI22_X1        NangateOpenCellLibrary
                                                          1.330000  
U2328                     AOI22_X1        NangateOpenCellLibrary
                                                          1.330000  
U2329                     AOI22_X1        NangateOpenCellLibrary
                                                          1.330000  
U2330                     AOI22_X1        NangateOpenCellLibrary
                                                          1.330000  
U2331                     OAI22_X1        NangateOpenCellLibrary
                                                          1.330000  
U2332                     INV_X1          NangateOpenCellLibrary
                                                          0.532000  
U2333                     AOI22_X1        NangateOpenCellLibrary
                                                          1.330000  
U2334                     INV_X1          NangateOpenCellLibrary
                                                          0.532000  
U2335                     NOR2_X1         NangateOpenCellLibrary
                                                          0.798000  
U2336                     NAND2_X1        NangateOpenCellLibrary
                                                          0.798000  
U2337                     OAI21_X1        NangateOpenCellLibrary
                                                          1.064000  
U2338                     MUX2_X1         NangateOpenCellLibrary
                                                          1.862000  
U2339                     NOR2_X1         NangateOpenCellLibrary
                                                          0.798000  
U2340                     AOI22_X1        NangateOpenCellLibrary
                                                          1.330000  
U2341                     MUX2_X1         NangateOpenCellLibrary
                                                          1.862000  
U2342                     NAND2_X1        NangateOpenCellLibrary
                                                          0.798000  
U2343                     AOI22_X1        NangateOpenCellLibrary
                                                          1.330000  
U2344                     FA_X1           NangateOpenCellLibrary
                                                          4.256000  r
U2345                     MUX2_X1         NangateOpenCellLibrary
                                                          1.862000  
U2346                     FA_X1           NangateOpenCellLibrary
                                                          4.256000  r
U2347                     MUX2_X1         NangateOpenCellLibrary
                                                          1.862000  
U2348                     MUX2_X1         NangateOpenCellLibrary
                                                          1.862000  
U2349                     INV_X1          NangateOpenCellLibrary
                                                          0.532000  
U2350                     NAND2_X1        NangateOpenCellLibrary
                                                          0.798000  
U2351                     XNOR2_X1        NangateOpenCellLibrary
                                                          1.596000  
U2352                     AOI22_X1        NangateOpenCellLibrary
                                                          1.330000  
U2353                     XNOR2_X1        NangateOpenCellLibrary
                                                          1.596000  
U2354                     XNOR2_X1        NangateOpenCellLibrary
                                                          1.596000  
U2355                     AOI22_X1        NangateOpenCellLibrary
                                                          1.330000  
U2356                     MUX2_X1         NangateOpenCellLibrary
                                                          1.862000  
U2357                     MUX2_X1         NangateOpenCellLibrary
                                                          1.862000  
U2358                     INV_X1          NangateOpenCellLibrary
                                                          0.532000  
U2359                     MUX2_X1         NangateOpenCellLibrary
                                                          1.862000  
U2360                     MUX2_X1         NangateOpenCellLibrary
                                                          1.862000  
U2361                     NAND2_X1        NangateOpenCellLibrary
                                                          0.798000  
U2362                     MUX2_X1         NangateOpenCellLibrary
                                                          1.862000  
U2363                     NAND2_X1        NangateOpenCellLibrary
                                                          0.798000  
U2364                     NAND2_X1        NangateOpenCellLibrary
                                                          0.798000  
U2365                     OAI21_X1        NangateOpenCellLibrary
                                                          1.064000  
U2366                     XNOR2_X1        NangateOpenCellLibrary
                                                          1.596000  
U2367                     AOI22_X1        NangateOpenCellLibrary
                                                          1.330000  
U2368                     INV_X1          NangateOpenCellLibrary
                                                          0.532000  
U2369                     NOR2_X1         NangateOpenCellLibrary
                                                          0.798000  
U2370                     NOR2_X1         NangateOpenCellLibrary
                                                          0.798000  
U2371                     NOR2_X1         NangateOpenCellLibrary
                                                          0.798000  
U2372                     AOI22_X1        NangateOpenCellLibrary
                                                          1.330000  
U2373                     INV_X1          NangateOpenCellLibrary
                                                          0.532000  
U2374                     AOI22_X1        NangateOpenCellLibrary
                                                          1.330000  
U2375                     AOI22_X1        NangateOpenCellLibrary
                                                          1.330000  
U2376                     AOI22_X1        NangateOpenCellLibrary
                                                          1.330000  
U2377                     AOI22_X1        NangateOpenCellLibrary
                                                          1.330000  
U2378                     AOI22_X1        NangateOpenCellLibrary
                                                          1.330000  
U2379                     AOI22_X1        NangateOpenCellLibrary
                                                          1.330000  
U2380                     AOI22_X1        NangateOpenCellLibrary
                                                          1.330000  
U2381                     NOR2_X1         NangateOpenCellLibrary
                                                          0.798000  
U2382                     AOI22_X1        NangateOpenCellLibrary
                                                          1.330000  
U2383                     AOI221_X1       NangateOpenCellLibrary
                                                          1.596000  
U2384                     XNOR2_X1        NangateOpenCellLibrary
                                                          1.596000  
U2385                     AOI22_X1        NangateOpenCellLibrary
                                                          1.330000  
U2386                     NAND2_X1        NangateOpenCellLibrary
                                                          0.798000  
U2387                     NAND2_X1        NangateOpenCellLibrary
                                                          0.798000  
U2388                     NOR2_X1         NangateOpenCellLibrary
                                                          0.798000  
U2389                     AOI21_X1        NangateOpenCellLibrary
                                                          1.064000  
U2390                     MUX2_X1         NangateOpenCellLibrary
                                                          1.862000  
U2391                     AOI21_X1        NangateOpenCellLibrary
                                                          1.064000  
U2392                     OAI22_X1        NangateOpenCellLibrary
                                                          1.330000  
U2393                     AOI21_X1        NangateOpenCellLibrary
                                                          1.064000  
U2394                     NAND2_X1        NangateOpenCellLibrary
                                                          0.798000  
U2395                     XNOR2_X1        NangateOpenCellLibrary
                                                          1.596000  
U2396                     NOR2_X1         NangateOpenCellLibrary
                                                          0.798000  
U2397                     AOI21_X1        NangateOpenCellLibrary
                                                          1.064000  
U2398                     MUX2_X1         NangateOpenCellLibrary
                                                          1.862000  
U2399                     NAND2_X1        NangateOpenCellLibrary
                                                          0.798000  
U2400                     INV_X1          NangateOpenCellLibrary
                                                          0.532000  
U2401                     OAI22_X1        NangateOpenCellLibrary
                                                          1.330000  
U2402                     AOI21_X1        NangateOpenCellLibrary
                                                          1.064000  
U2403                     NAND2_X1        NangateOpenCellLibrary
                                                          0.798000  
U2404                     NOR2_X1         NangateOpenCellLibrary
                                                          0.798000  
U2405                     NOR2_X1         NangateOpenCellLibrary
                                                          0.798000  
U2406                     NOR2_X1         NangateOpenCellLibrary
                                                          0.798000  
U2407                     AOI21_X1        NangateOpenCellLibrary
                                                          1.064000  
U2408                     MUX2_X1         NangateOpenCellLibrary
                                                          1.862000  
U2409                     FA_X1           NangateOpenCellLibrary
                                                          4.256000  r
U2410                     AOI22_X1        NangateOpenCellLibrary
                                                          1.330000  
U2411                     INV_X1          NangateOpenCellLibrary
                                                          0.532000  
U2412                     AOI22_X1        NangateOpenCellLibrary
                                                          1.330000  
U2413                     AOI22_X1        NangateOpenCellLibrary
                                                          1.330000  
U2414                     AOI22_X1        NangateOpenCellLibrary
                                                          1.330000  
U2415                     OAI21_X1        NangateOpenCellLibrary
                                                          1.064000  
U2416                     NAND2_X1        NangateOpenCellLibrary
                                                          0.798000  
U2417                     XNOR2_X1        NangateOpenCellLibrary
                                                          1.596000  
U2418                     AND2_X1         NangateOpenCellLibrary
                                                          1.064000  
U2419                     XNOR2_X1        NangateOpenCellLibrary
                                                          1.596000  
U2420                     NOR2_X1         NangateOpenCellLibrary
                                                          0.798000  
U2421                     AOI21_X1        NangateOpenCellLibrary
                                                          1.064000  
U2422                     MUX2_X1         NangateOpenCellLibrary
                                                          1.862000  
U2423                     NOR2_X1         NangateOpenCellLibrary
                                                          0.798000  
U2424                     AOI22_X1        NangateOpenCellLibrary
                                                          1.330000  
U2425                     OAI21_X1        NangateOpenCellLibrary
                                                          1.064000  
U2426                     FA_X1           NangateOpenCellLibrary
                                                          4.256000  r
U2427                     NAND3_X1        NangateOpenCellLibrary
                                                          1.064000  
U2428                     AOI22_X1        NangateOpenCellLibrary
                                                          1.330000  
U2429                     INV_X1          NangateOpenCellLibrary
                                                          0.532000  
U2430                     AND2_X1         NangateOpenCellLibrary
                                                          1.064000  
U2431                     NOR2_X1         NangateOpenCellLibrary
                                                          0.798000  
U2432                     NAND2_X1        NangateOpenCellLibrary
                                                          0.798000  
U2433                     INV_X1          NangateOpenCellLibrary
                                                          0.532000  
U2434                     NOR2_X1         NangateOpenCellLibrary
                                                          0.798000  
U2435                     NOR2_X1         NangateOpenCellLibrary
                                                          0.798000  
U2436                     XNOR2_X1        NangateOpenCellLibrary
                                                          1.596000  
U2437                     AOI22_X1        NangateOpenCellLibrary
                                                          1.330000  
U2438                     NAND2_X1        NangateOpenCellLibrary
                                                          0.798000  
U2439                     XNOR2_X1        NangateOpenCellLibrary
                                                          1.596000  
U2440                     FA_X1           NangateOpenCellLibrary
                                                          4.256000  r
U2441                     OAI21_X1        NangateOpenCellLibrary
                                                          1.064000  
U2442                     XOR2_X1         NangateOpenCellLibrary
                                                          1.596000  
U2443                     XNOR2_X1        NangateOpenCellLibrary
                                                          1.596000  
U2444                     AOI22_X1        NangateOpenCellLibrary
                                                          1.330000  
U2445                     AOI22_X1        NangateOpenCellLibrary
                                                          1.330000  
U2446                     OAI21_X1        NangateOpenCellLibrary
                                                          1.064000  
U2447                     INV_X1          NangateOpenCellLibrary
                                                          0.532000  
U2448                     AOI222_X1       NangateOpenCellLibrary
                                                          2.128000  
U2449                     MUX2_X1         NangateOpenCellLibrary
                                                          1.862000  
U2450                     AOI22_X1        NangateOpenCellLibrary
                                                          1.330000  
U2451                     OAI22_X1        NangateOpenCellLibrary
                                                          1.330000  
U2452                     AOI22_X1        NangateOpenCellLibrary
                                                          1.330000  
U2453                     AOI22_X1        NangateOpenCellLibrary
                                                          1.330000  
U2454                     AOI22_X1        NangateOpenCellLibrary
                                                          1.330000  
U2455                     NAND2_X1        NangateOpenCellLibrary
                                                          0.798000  
U2456                     XNOR2_X1        NangateOpenCellLibrary
                                                          1.596000  
U2457                     AOI22_X1        NangateOpenCellLibrary
                                                          1.330000  
U2458                     AOI22_X1        NangateOpenCellLibrary
                                                          1.330000  
U2459                     OAI22_X1        NangateOpenCellLibrary
                                                          1.330000  
U2460                     AOI22_X1        NangateOpenCellLibrary
                                                          1.330000  
U2461                     INV_X1          NangateOpenCellLibrary
                                                          0.532000  
U2462                     NAND2_X1        NangateOpenCellLibrary
                                                          0.798000  
U2463                     FA_X1           NangateOpenCellLibrary
                                                          4.256000  r
U2464                     INV_X1          NangateOpenCellLibrary
                                                          0.532000  
U2465                     FA_X1           NangateOpenCellLibrary
                                                          4.256000  r
U2466                     XOR2_X1         NangateOpenCellLibrary
                                                          1.596000  
U2467                     NOR2_X1         NangateOpenCellLibrary
                                                          0.798000  
U2468                     AOI21_X1        NangateOpenCellLibrary
                                                          1.064000  
U2469                     MUX2_X1         NangateOpenCellLibrary
                                                          1.862000  
U2470                     AOI22_X1        NangateOpenCellLibrary
                                                          1.330000  
U2471                     INV_X1          NangateOpenCellLibrary
                                                          0.532000  
U2472                     AOI21_X1        NangateOpenCellLibrary
                                                          1.064000  
U2473                     NOR2_X1         NangateOpenCellLibrary
                                                          0.798000  
U2474                     AOI21_X1        NangateOpenCellLibrary
                                                          1.064000  
U2475                     NAND3_X1        NangateOpenCellLibrary
                                                          1.064000  
U2476                     AOI22_X1        NangateOpenCellLibrary
                                                          1.330000  
U2477                     INV_X1          NangateOpenCellLibrary
                                                          0.532000  
U2478                     AOI22_X1        NangateOpenCellLibrary
                                                          1.330000  
U2479                     NOR2_X1         NangateOpenCellLibrary
                                                          0.798000  
U2480                     AOI22_X1        NangateOpenCellLibrary
                                                          1.330000  
U2481                     FA_X1           NangateOpenCellLibrary
                                                          4.256000  r
U2482                     INV_X1          NangateOpenCellLibrary
                                                          0.532000  
U2483                     NOR2_X1         NangateOpenCellLibrary
                                                          0.798000  
U2484                     NOR2_X1         NangateOpenCellLibrary
                                                          0.798000  
U2485                     XOR2_X1         NangateOpenCellLibrary
                                                          1.596000  
U2486                     XNOR2_X1        NangateOpenCellLibrary
                                                          1.596000  
U2487                     AOI22_X1        NangateOpenCellLibrary
                                                          1.330000  
U2488                     AOI22_X1        NangateOpenCellLibrary
                                                          1.330000  
U2489                     INV_X1          NangateOpenCellLibrary
                                                          0.532000  
U2490                     AOI222_X1       NangateOpenCellLibrary
                                                          2.128000  
U2491                     MUX2_X1         NangateOpenCellLibrary
                                                          1.862000  
U2492                     FA_X1           NangateOpenCellLibrary
                                                          4.256000  r
U2493                     MUX2_X1         NangateOpenCellLibrary
                                                          1.862000  
U2494                     FA_X1           NangateOpenCellLibrary
                                                          4.256000  r
U2495                     INV_X1          NangateOpenCellLibrary
                                                          0.532000  
U2496                     AOI22_X1        NangateOpenCellLibrary
                                                          1.330000  
U2497                     AOI22_X1        NangateOpenCellLibrary
                                                          1.330000  
U2498                     NOR2_X1         NangateOpenCellLibrary
                                                          0.798000  
U2499                     NOR2_X1         NangateOpenCellLibrary
                                                          0.798000  
U2500                     AOI21_X1        NangateOpenCellLibrary
                                                          1.064000  
U2501                     FA_X1           NangateOpenCellLibrary
                                                          4.256000  r
U2502                     XNOR2_X1        NangateOpenCellLibrary
                                                          1.596000  
U2503                     AOI22_X1        NangateOpenCellLibrary
                                                          1.330000  
U2504                     NAND2_X1        NangateOpenCellLibrary
                                                          0.798000  
U2505                     AOI21_X1        NangateOpenCellLibrary
                                                          1.064000  
U2506                     AOI22_X1        NangateOpenCellLibrary
                                                          1.330000  
U2507                     FA_X1           NangateOpenCellLibrary
                                                          4.256000  r
U2508                     INV_X1          NangateOpenCellLibrary
                                                          0.532000  
U2509                     NOR2_X1         NangateOpenCellLibrary
                                                          0.798000  
U2510                     OR2_X1          NangateOpenCellLibrary
                                                          1.064000  
U2511                     INV_X1          NangateOpenCellLibrary
                                                          0.532000  
U2512                     NAND2_X1        NangateOpenCellLibrary
                                                          0.798000  
U2513                     NOR2_X1         NangateOpenCellLibrary
                                                          0.798000  
U2514                     INV_X1          NangateOpenCellLibrary
                                                          0.532000  
U2515                     NAND2_X1        NangateOpenCellLibrary
                                                          0.798000  
U2516                     OAI222_X1       NangateOpenCellLibrary
                                                          2.128000  
U2517                     AOI22_X1        NangateOpenCellLibrary
                                                          1.330000  
U2518                     FA_X1           NangateOpenCellLibrary
                                                          4.256000  r
U2519                     INV_X1          NangateOpenCellLibrary
                                                          0.532000  
U2520                     NAND2_X1        NangateOpenCellLibrary
                                                          0.798000  
U2521                     NAND2_X1        NangateOpenCellLibrary
                                                          0.798000  
U2522                     NOR2_X1         NangateOpenCellLibrary
                                                          0.798000  
U2523                     NAND2_X1        NangateOpenCellLibrary
                                                          0.798000  
U2524                     INV_X1          NangateOpenCellLibrary
                                                          0.532000  
U2525                     NOR2_X1         NangateOpenCellLibrary
                                                          0.798000  
U2526                     XOR2_X1         NangateOpenCellLibrary
                                                          1.596000  
U2527                     AOI22_X1        NangateOpenCellLibrary
                                                          1.330000  
U2528                     INV_X1          NangateOpenCellLibrary
                                                          0.532000  
U2529                     AOI21_X1        NangateOpenCellLibrary
                                                          1.064000  
U2530                     NOR2_X1         NangateOpenCellLibrary
                                                          0.798000  
U2531                     INV_X1          NangateOpenCellLibrary
                                                          0.532000  
U2532                     NAND2_X1        NangateOpenCellLibrary
                                                          0.798000  
U2533                     NAND2_X1        NangateOpenCellLibrary
                                                          0.798000  
U2534                     XNOR2_X1        NangateOpenCellLibrary
                                                          1.596000  
U2535                     AOI22_X1        NangateOpenCellLibrary
                                                          1.330000  
U2536                     OAI21_X1        NangateOpenCellLibrary
                                                          1.064000  
U2537                     MUX2_X1         NangateOpenCellLibrary
                                                          1.862000  
U2538                     MUX2_X1         NangateOpenCellLibrary
                                                          1.862000  
U2539                     MUX2_X1         NangateOpenCellLibrary
                                                          1.862000  
U2540                     MUX2_X1         NangateOpenCellLibrary
                                                          1.862000  
U2541                     MUX2_X1         NangateOpenCellLibrary
                                                          1.862000  
U2542                     MUX2_X1         NangateOpenCellLibrary
                                                          1.862000  
U2543                     MUX2_X1         NangateOpenCellLibrary
                                                          1.862000  
U2544                     MUX2_X1         NangateOpenCellLibrary
                                                          1.862000  
U2545                     MUX2_X1         NangateOpenCellLibrary
                                                          1.862000  
U2546                     MUX2_X1         NangateOpenCellLibrary
                                                          1.862000  
U2547                     MUX2_X1         NangateOpenCellLibrary
                                                          1.862000  
U2548                     MUX2_X1         NangateOpenCellLibrary
                                                          1.862000  
U2549                     MUX2_X1         NangateOpenCellLibrary
                                                          1.862000  
U2550                     NAND2_X1        NangateOpenCellLibrary
                                                          0.798000  
U2551                     MUX2_X1         NangateOpenCellLibrary
                                                          1.862000  
U2552                     OAI221_X1       NangateOpenCellLibrary
                                                          1.596000  
U2553                     XNOR2_X1        NangateOpenCellLibrary
                                                          1.596000  
U2554                     AOI22_X1        NangateOpenCellLibrary
                                                          1.330000  
U2555                     NOR2_X1         NangateOpenCellLibrary
                                                          0.798000  
U2556                     NOR2_X1         NangateOpenCellLibrary
                                                          0.798000  
U2557                     NAND4_X1        NangateOpenCellLibrary
                                                          1.330000  
U2558                     OAI21_X1        NangateOpenCellLibrary
                                                          1.064000  
U2559                     AOI22_X1        NangateOpenCellLibrary
                                                          1.330000  
U2560                     AOI22_X1        NangateOpenCellLibrary
                                                          1.330000  
U2561                     OAI21_X1        NangateOpenCellLibrary
                                                          1.064000  
U2562                     NAND2_X1        NangateOpenCellLibrary
                                                          0.798000  
U2563                     XNOR2_X1        NangateOpenCellLibrary
                                                          1.596000  
U2564                     OAI21_X1        NangateOpenCellLibrary
                                                          1.064000  
U2565                     NAND2_X1        NangateOpenCellLibrary
                                                          0.798000  
U2566                     OAI21_X1        NangateOpenCellLibrary
                                                          1.064000  
U2567                     AOI22_X1        NangateOpenCellLibrary
                                                          1.330000  
U2568                     NAND2_X1        NangateOpenCellLibrary
                                                          0.798000  
U2569                     OAI22_X1        NangateOpenCellLibrary
                                                          1.330000  
U2570                     AOI21_X1        NangateOpenCellLibrary
                                                          1.064000  
U2571                     NAND2_X1        NangateOpenCellLibrary
                                                          0.798000  
U2572                     INV_X1          NangateOpenCellLibrary
                                                          0.532000  
U2573                     NAND3_X1        NangateOpenCellLibrary
                                                          1.064000  
U2574                     NAND2_X1        NangateOpenCellLibrary
                                                          0.798000  
U2575                     NAND2_X1        NangateOpenCellLibrary
                                                          0.798000  
U2576                     OAI21_X1        NangateOpenCellLibrary
                                                          1.064000  
U2577                     AOI22_X1        NangateOpenCellLibrary
                                                          1.330000  
U2578                     AOI22_X1        NangateOpenCellLibrary
                                                          1.330000  
U2579                     OAI21_X1        NangateOpenCellLibrary
                                                          1.064000  
U2580                     NAND3_X1        NangateOpenCellLibrary
                                                          1.064000  
U2581                     FA_X1           NangateOpenCellLibrary
                                                          4.256000  r
U2582                     AND2_X1         NangateOpenCellLibrary
                                                          1.064000  
U2583                     OAI21_X1        NangateOpenCellLibrary
                                                          1.064000  
U2584                     AOI22_X1        NangateOpenCellLibrary
                                                          1.330000  
U2585                     AOI22_X1        NangateOpenCellLibrary
                                                          1.330000  
U2586                     AOI22_X1        NangateOpenCellLibrary
                                                          1.330000  
U2587                     NAND2_X1        NangateOpenCellLibrary
                                                          0.798000  
U2588                     XNOR2_X1        NangateOpenCellLibrary
                                                          1.596000  
U2589                     NOR2_X1         NangateOpenCellLibrary
                                                          0.798000  
U2590                     AOI21_X1        NangateOpenCellLibrary
                                                          1.064000  
U2591                     MUX2_X1         NangateOpenCellLibrary
                                                          1.862000  
U2592                     AOI22_X1        NangateOpenCellLibrary
                                                          1.330000  
U2593                     FA_X1           NangateOpenCellLibrary
                                                          4.256000  r
U2594                     NOR2_X1         NangateOpenCellLibrary
                                                          0.798000  
U2595                     NOR2_X1         NangateOpenCellLibrary
                                                          0.798000  
U2596                     XNOR2_X1        NangateOpenCellLibrary
                                                          1.596000  
U2597                     XNOR2_X1        NangateOpenCellLibrary
                                                          1.596000  
U2598                     AOI22_X1        NangateOpenCellLibrary
                                                          1.330000  
U2599                     OAI21_X1        NangateOpenCellLibrary
                                                          1.064000  
U2600                     NAND2_X1        NangateOpenCellLibrary
                                                          0.798000  
U2601                     NAND2_X1        NangateOpenCellLibrary
                                                          0.798000  
U2602                     AOI22_X1        NangateOpenCellLibrary
                                                          1.330000  
U2603                     NOR2_X1         NangateOpenCellLibrary
                                                          0.798000  
U2604                     AOI22_X1        NangateOpenCellLibrary
                                                          1.330000  
U2605                     OAI21_X1        NangateOpenCellLibrary
                                                          1.064000  
U2606                     AOI22_X1        NangateOpenCellLibrary
                                                          1.330000  
U2607                     AOI22_X1        NangateOpenCellLibrary
                                                          1.330000  
U2608                     OAI22_X1        NangateOpenCellLibrary
                                                          1.330000  
U2609                     AOI22_X1        NangateOpenCellLibrary
                                                          1.330000  
U2610                     AOI22_X1        NangateOpenCellLibrary
                                                          1.330000  
U2611                     AOI22_X1        NangateOpenCellLibrary
                                                          1.330000  
U2612                     NAND2_X1        NangateOpenCellLibrary
                                                          0.798000  
U2613                     XNOR2_X1        NangateOpenCellLibrary
                                                          1.596000  
U2614                     AOI22_X1        NangateOpenCellLibrary
                                                          1.330000  
U2615                     AOI22_X1        NangateOpenCellLibrary
                                                          1.330000  
U2616                     AOI22_X1        NangateOpenCellLibrary
                                                          1.330000  
U2617                     OAI22_X1        NangateOpenCellLibrary
                                                          1.330000  
U2618                     INV_X1          NangateOpenCellLibrary
                                                          0.532000  
U2619                     AOI22_X1        NangateOpenCellLibrary
                                                          1.330000  
U2620                     AOI22_X1        NangateOpenCellLibrary
                                                          1.330000  
U2621                     INV_X1          NangateOpenCellLibrary
                                                          0.532000  
U2622                     NAND2_X1        NangateOpenCellLibrary
                                                          0.798000  
U2623                     INV_X1          NangateOpenCellLibrary
                                                          0.532000  
U2624                     NAND3_X1        NangateOpenCellLibrary
                                                          1.064000  
U2625                     INV_X1          NangateOpenCellLibrary
                                                          0.532000  
U2626                     AOI22_X1        NangateOpenCellLibrary
                                                          1.330000  
U2627                     AOI22_X1        NangateOpenCellLibrary
                                                          1.330000  
U2628                     FA_X1           NangateOpenCellLibrary
                                                          4.256000  r
U2629                     FA_X1           NangateOpenCellLibrary
                                                          4.256000  r
U2630                     AOI22_X1        NangateOpenCellLibrary
                                                          1.330000  
U2631                     AOI22_X1        NangateOpenCellLibrary
                                                          1.330000  
U2632                     INV_X1          NangateOpenCellLibrary
                                                          0.532000  
U2633                     AOI22_X1        NangateOpenCellLibrary
                                                          1.330000  
U2634                     NOR2_X1         NangateOpenCellLibrary
                                                          0.798000  
U2635                     AOI22_X1        NangateOpenCellLibrary
                                                          1.330000  
U2636                     AOI22_X1        NangateOpenCellLibrary
                                                          1.330000  
U2637                     NAND3_X1        NangateOpenCellLibrary
                                                          1.064000  
U2638                     OAI22_X1        NangateOpenCellLibrary
                                                          1.330000  
U2639                     AOI22_X1        NangateOpenCellLibrary
                                                          1.330000  
U2640                     INV_X1          NangateOpenCellLibrary
                                                          0.532000  
U2641                     AOI21_X1        NangateOpenCellLibrary
                                                          1.064000  
U2642                     NOR2_X1         NangateOpenCellLibrary
                                                          0.798000  
U2643                     AOI21_X1        NangateOpenCellLibrary
                                                          1.064000  
U2644                     INV_X1          NangateOpenCellLibrary
                                                          0.532000  
U2645                     FA_X1           NangateOpenCellLibrary
                                                          4.256000  r
U2646                     FA_X1           NangateOpenCellLibrary
                                                          4.256000  r
U2647                     XOR2_X1         NangateOpenCellLibrary
                                                          1.596000  
U2648                     XNOR2_X1        NangateOpenCellLibrary
                                                          1.596000  
U2649                     AOI22_X1        NangateOpenCellLibrary
                                                          1.330000  
U2650                     AOI22_X1        NangateOpenCellLibrary
                                                          1.330000  
U2651                     AOI22_X1        NangateOpenCellLibrary
                                                          1.330000  
U2652                     AOI22_X1        NangateOpenCellLibrary
                                                          1.330000  
U2653                     AOI22_X1        NangateOpenCellLibrary
                                                          1.330000  
U2654                     OAI22_X1        NangateOpenCellLibrary
                                                          1.330000  
U2655                     INV_X1          NangateOpenCellLibrary
                                                          0.532000  
U2656                     AOI22_X1        NangateOpenCellLibrary
                                                          1.330000  
U2657                     INV_X1          NangateOpenCellLibrary
                                                          0.532000  
U2658                     NOR2_X1         NangateOpenCellLibrary
                                                          0.798000  
U2659                     NAND2_X1        NangateOpenCellLibrary
                                                          0.798000  
U2660                     OAI21_X1        NangateOpenCellLibrary
                                                          1.064000  
U2661                     MUX2_X1         NangateOpenCellLibrary
                                                          1.862000  
U2662                     NOR2_X1         NangateOpenCellLibrary
                                                          0.798000  
U2663                     AOI22_X1        NangateOpenCellLibrary
                                                          1.330000  
U2664                     AOI22_X1        NangateOpenCellLibrary
                                                          1.330000  
U2665                     MUX2_X1         NangateOpenCellLibrary
                                                          1.862000  
U2666                     NAND2_X1        NangateOpenCellLibrary
                                                          0.798000  
U2667                     AOI22_X1        NangateOpenCellLibrary
                                                          1.330000  
U2668                     AOI22_X1        NangateOpenCellLibrary
                                                          1.330000  
U2669                     FA_X1           NangateOpenCellLibrary
                                                          4.256000  r
U2670                     AOI22_X1        NangateOpenCellLibrary
                                                          1.330000  
U2671                     AOI22_X1        NangateOpenCellLibrary
                                                          1.330000  
U2672                     AOI22_X1        NangateOpenCellLibrary
                                                          1.330000  
U2673                     MUX2_X1         NangateOpenCellLibrary
                                                          1.862000  
U2674                     INV_X1          NangateOpenCellLibrary
                                                          0.532000  
U2675                     NOR2_X1         NangateOpenCellLibrary
                                                          0.798000  
U2676                     XOR2_X1         NangateOpenCellLibrary
                                                          1.596000  
U2677                     XNOR2_X1        NangateOpenCellLibrary
                                                          1.596000  
U2678                     AOI22_X1        NangateOpenCellLibrary
                                                          1.330000  
U2679                     FA_X1           NangateOpenCellLibrary
                                                          4.256000  r
U2680                     INV_X1          NangateOpenCellLibrary
                                                          0.532000  
U2681                     NOR2_X1         NangateOpenCellLibrary
                                                          0.798000  
U2682                     INV_X1          NangateOpenCellLibrary
                                                          0.532000  
U2683                     NAND2_X1        NangateOpenCellLibrary
                                                          0.798000  
U2684                     OAI21_X1        NangateOpenCellLibrary
                                                          1.064000  
U2685                     AOI22_X1        NangateOpenCellLibrary
                                                          1.330000  
U2686                     FA_X1           NangateOpenCellLibrary
                                                          4.256000  r
U2687                     INV_X1          NangateOpenCellLibrary
                                                          0.532000  
U2688                     NAND2_X1        NangateOpenCellLibrary
                                                          0.798000  
U2689                     XNOR2_X1        NangateOpenCellLibrary
                                                          1.596000  
U2690                     AOI22_X1        NangateOpenCellLibrary
                                                          1.330000  
U2691                     XNOR2_X1        NangateOpenCellLibrary
                                                          1.596000  
U2692                     XNOR2_X1        NangateOpenCellLibrary
                                                          1.596000  
U2693                     AOI22_X1        NangateOpenCellLibrary
                                                          1.330000  
U2694                     MUX2_X1         NangateOpenCellLibrary
                                                          1.862000  
U2695                     MUX2_X1         NangateOpenCellLibrary
                                                          1.862000  
U2696                     MUX2_X1         NangateOpenCellLibrary
                                                          1.862000  
U2697                     MUX2_X1         NangateOpenCellLibrary
                                                          1.862000  
U2698                     NAND2_X1        NangateOpenCellLibrary
                                                          0.798000  
U2699                     MUX2_X1         NangateOpenCellLibrary
                                                          1.862000  
U2700                     NAND2_X1        NangateOpenCellLibrary
                                                          0.798000  
U2701                     NAND2_X1        NangateOpenCellLibrary
                                                          0.798000  
U2702                     OAI21_X1        NangateOpenCellLibrary
                                                          1.064000  
U2703                     XNOR2_X1        NangateOpenCellLibrary
                                                          1.596000  
U2704                     AOI22_X1        NangateOpenCellLibrary
                                                          1.330000  
U2705                     NOR2_X1         NangateOpenCellLibrary
                                                          0.798000  
U2706                     INV_X1          NangateOpenCellLibrary
                                                          0.532000  
U2707                     NOR2_X1         NangateOpenCellLibrary
                                                          0.798000  
U2708                     NOR2_X1         NangateOpenCellLibrary
                                                          0.798000  
U2709                     NOR2_X1         NangateOpenCellLibrary
                                                          0.798000  
U2710                     AOI22_X1        NangateOpenCellLibrary
                                                          1.330000  
U2711                     FA_X1           NangateOpenCellLibrary
                                                          4.256000  r
U2712                     NAND2_X1        NangateOpenCellLibrary
                                                          0.798000  
U2713                     OR2_X1          NangateOpenCellLibrary
                                                          1.064000  
U2714                     NAND2_X1        NangateOpenCellLibrary
                                                          0.798000  
U2715                     XOR2_X1         NangateOpenCellLibrary
                                                          1.596000  
U2716                     AOI22_X1        NangateOpenCellLibrary
                                                          1.330000  
U2717                     NAND2_X1        NangateOpenCellLibrary
                                                          0.798000  
U2718                     NAND2_X1        NangateOpenCellLibrary
                                                          0.798000  
U2719                     MUX2_X1         NangateOpenCellLibrary
                                                          1.862000  
U2720                     MUX2_X1         NangateOpenCellLibrary
                                                          1.862000  
U2721                     NAND2_X1        NangateOpenCellLibrary
                                                          0.798000  
U2722                     MUX2_X1         NangateOpenCellLibrary
                                                          1.862000  
U2723                     INV_X1          NangateOpenCellLibrary
                                                          0.532000  
U2724                     NAND2_X1        NangateOpenCellLibrary
                                                          0.798000  
U2725                     OAI21_X1        NangateOpenCellLibrary
                                                          1.064000  
U2726                     XNOR2_X1        NangateOpenCellLibrary
                                                          1.596000  
U2727                     AOI22_X1        NangateOpenCellLibrary
                                                          1.330000  
U2728                     OAI211_X1       NangateOpenCellLibrary
                                                          1.330000  
U2729                     NAND2_X1        NangateOpenCellLibrary
                                                          0.798000  
U2730                     MUX2_X1         NangateOpenCellLibrary
                                                          1.862000  
U2731                     MUX2_X1         NangateOpenCellLibrary
                                                          1.862000  
U2732                     NAND2_X1        NangateOpenCellLibrary
                                                          0.798000  
U2733                     MUX2_X1         NangateOpenCellLibrary
                                                          1.862000  
U2734                     OAI221_X1       NangateOpenCellLibrary
                                                          1.596000  
U2735                     XNOR2_X1        NangateOpenCellLibrary
                                                          1.596000  
U2736                     AOI22_X1        NangateOpenCellLibrary
                                                          1.330000  
U2737                     NOR2_X1         NangateOpenCellLibrary
                                                          0.798000  
U2738                     NOR2_X1         NangateOpenCellLibrary
                                                          0.798000  
U2739                     NAND4_X1        NangateOpenCellLibrary
                                                          1.330000  
U2740                     OAI21_X1        NangateOpenCellLibrary
                                                          1.064000  
U2741                     AOI22_X1        NangateOpenCellLibrary
                                                          1.330000  
U2742                     OAI22_X1        NangateOpenCellLibrary
                                                          1.330000  
U2743                     AOI21_X1        NangateOpenCellLibrary
                                                          1.064000  
U2744                     NAND2_X1        NangateOpenCellLibrary
                                                          0.798000  
U2745                     XOR2_X1         NangateOpenCellLibrary
                                                          1.596000  
U2746                     OAI21_X1        NangateOpenCellLibrary
                                                          1.064000  
U2747                     NAND2_X1        NangateOpenCellLibrary
                                                          0.798000  
U2748                     OAI21_X1        NangateOpenCellLibrary
                                                          1.064000  
U2749                     AOI22_X1        NangateOpenCellLibrary
                                                          1.330000  
U2750                     NOR3_X1         NangateOpenCellLibrary
                                                          1.064000  
U2751                     NAND2_X1        NangateOpenCellLibrary
                                                          0.798000  
U2752                     OAI22_X1        NangateOpenCellLibrary
                                                          1.330000  
U2753                     AOI21_X1        NangateOpenCellLibrary
                                                          1.064000  
U2754                     NAND2_X1        NangateOpenCellLibrary
                                                          0.798000  
U2755                     INV_X1          NangateOpenCellLibrary
                                                          0.532000  
U2756                     OAI21_X1        NangateOpenCellLibrary
                                                          1.064000  
U2757                     INV_X1          NangateOpenCellLibrary
                                                          0.532000  
U2758                     NAND2_X1        NangateOpenCellLibrary
                                                          0.798000  
U2759                     AOI22_X1        NangateOpenCellLibrary
                                                          1.330000  
U2760                     AOI22_X1        NangateOpenCellLibrary
                                                          1.330000  
U2761                     FA_X1           NangateOpenCellLibrary
                                                          4.256000  r
U2762                     AOI22_X1        NangateOpenCellLibrary
                                                          1.330000  
U2763                     INV_X1          NangateOpenCellLibrary
                                                          0.532000  
U2764                     AOI22_X1        NangateOpenCellLibrary
                                                          1.330000  
U2765                     AOI22_X1        NangateOpenCellLibrary
                                                          1.330000  
U2766                     AOI22_X1        NangateOpenCellLibrary
                                                          1.330000  
U2767                     OAI21_X1        NangateOpenCellLibrary
                                                          1.064000  
U2768                     NAND2_X1        NangateOpenCellLibrary
                                                          0.798000  
U2769                     XNOR2_X1        NangateOpenCellLibrary
                                                          1.596000  
U2770                     AND2_X1         NangateOpenCellLibrary
                                                          1.064000  
U2771                     NAND2_X1        NangateOpenCellLibrary
                                                          0.798000  
U2772                     XOR2_X1         NangateOpenCellLibrary
                                                          1.596000  
U2773                     NOR2_X1         NangateOpenCellLibrary
                                                          0.798000  
U2774                     AOI21_X1        NangateOpenCellLibrary
                                                          1.064000  
U2775                     MUX2_X1         NangateOpenCellLibrary
                                                          1.862000  
U2776                     NOR2_X1         NangateOpenCellLibrary
                                                          0.798000  
U2777                     AOI22_X1        NangateOpenCellLibrary
                                                          1.330000  
U2778                     OAI21_X1        NangateOpenCellLibrary
                                                          1.064000  
U2779                     FA_X1           NangateOpenCellLibrary
                                                          4.256000  r
U2780                     NAND3_X1        NangateOpenCellLibrary
                                                          1.064000  
U2781                     AOI22_X1        NangateOpenCellLibrary
                                                          1.330000  
U2782                     INV_X1          NangateOpenCellLibrary
                                                          0.532000  
U2783                     INV_X1          NangateOpenCellLibrary
                                                          0.532000  
U2784                     NOR2_X1         NangateOpenCellLibrary
                                                          0.798000  
U2785                     NOR2_X1         NangateOpenCellLibrary
                                                          0.798000  
U2786                     NAND2_X1        NangateOpenCellLibrary
                                                          0.798000  
U2787                     INV_X1          NangateOpenCellLibrary
                                                          0.532000  
U2788                     NOR2_X1         NangateOpenCellLibrary
                                                          0.798000  
U2789                     NOR2_X1         NangateOpenCellLibrary
                                                          0.798000  
U2790                     XNOR2_X1        NangateOpenCellLibrary
                                                          1.596000  
U2791                     AOI22_X1        NangateOpenCellLibrary
                                                          1.330000  
U2792                     NAND2_X1        NangateOpenCellLibrary
                                                          0.798000  
U2793                     XNOR2_X1        NangateOpenCellLibrary
                                                          1.596000  
U2794                     FA_X1           NangateOpenCellLibrary
                                                          4.256000  r
U2795                     OAI21_X1        NangateOpenCellLibrary
                                                          1.064000  
U2796                     XOR2_X1         NangateOpenCellLibrary
                                                          1.596000  
U2797                     XNOR2_X1        NangateOpenCellLibrary
                                                          1.596000  
U2798                     AOI22_X1        NangateOpenCellLibrary
                                                          1.330000  
U2799                     INV_X1          NangateOpenCellLibrary
                                                          0.532000  
U2800                     AOI222_X1       NangateOpenCellLibrary
                                                          2.128000  
U2801                     NAND2_X1        NangateOpenCellLibrary
                                                          0.798000  
U2802                     OAI22_X1        NangateOpenCellLibrary
                                                          1.330000  
U2803                     AOI21_X1        NangateOpenCellLibrary
                                                          1.064000  
U2804                     NAND2_X1        NangateOpenCellLibrary
                                                          0.798000  
U2805                     MUX2_X1         NangateOpenCellLibrary
                                                          1.862000  
U2806                     AOI22_X1        NangateOpenCellLibrary
                                                          1.330000  
U2807                     AOI22_X1        NangateOpenCellLibrary
                                                          1.330000  
U2808                     AOI22_X1        NangateOpenCellLibrary
                                                          1.330000  
U2809                     AOI22_X1        NangateOpenCellLibrary
                                                          1.330000  
U2810                     AOI22_X1        NangateOpenCellLibrary
                                                          1.330000  
U2811                     NAND3_X1        NangateOpenCellLibrary
                                                          1.064000  
U2812                     AND2_X1         NangateOpenCellLibrary
                                                          1.064000  
U2813                     OAI21_X1        NangateOpenCellLibrary
                                                          1.064000  
U2814                     AOI22_X1        NangateOpenCellLibrary
                                                          1.330000  
U2815                     AOI22_X1        NangateOpenCellLibrary
                                                          1.330000  
U2816                     OAI22_X1        NangateOpenCellLibrary
                                                          1.330000  
U2817                     AOI22_X1        NangateOpenCellLibrary
                                                          1.330000  
U2818                     NAND2_X1        NangateOpenCellLibrary
                                                          0.798000  
U2819                     MUX2_X1         NangateOpenCellLibrary
                                                          1.862000  
U2820                     AOI22_X1        NangateOpenCellLibrary
                                                          1.330000  
U2821                     INV_X1          NangateOpenCellLibrary
                                                          0.532000  
U2822                     AOI21_X1        NangateOpenCellLibrary
                                                          1.064000  
U2823                     NOR2_X1         NangateOpenCellLibrary
                                                          0.798000  
U2824                     AOI21_X1        NangateOpenCellLibrary
                                                          1.064000  
U2825                     AOI22_X1        NangateOpenCellLibrary
                                                          1.330000  
U2826                     INV_X1          NangateOpenCellLibrary
                                                          0.532000  
U2827                     AOI22_X1        NangateOpenCellLibrary
                                                          1.330000  
U2828                     INV_X1          NangateOpenCellLibrary
                                                          0.532000  
U2829                     NOR2_X1         NangateOpenCellLibrary
                                                          0.798000  
U2830                     AOI22_X1        NangateOpenCellLibrary
                                                          1.330000  
U2831                     FA_X1           NangateOpenCellLibrary
                                                          4.256000  r
U2832                     XOR2_X1         NangateOpenCellLibrary
                                                          1.596000  
U2833                     XNOR2_X1        NangateOpenCellLibrary
                                                          1.596000  
U2834                     AOI22_X1        NangateOpenCellLibrary
                                                          1.330000  
U2835                     INV_X1          NangateOpenCellLibrary
                                                          0.532000  
U2836                     NOR2_X1         NangateOpenCellLibrary
                                                          0.798000  
U2837                     INV_X1          NangateOpenCellLibrary
                                                          0.532000  
U2838                     NAND2_X1        NangateOpenCellLibrary
                                                          0.798000  
U2839                     OAI21_X1        NangateOpenCellLibrary
                                                          1.064000  
U2840                     AOI22_X1        NangateOpenCellLibrary
                                                          1.330000  
U2841                     AOI22_X1        NangateOpenCellLibrary
                                                          1.330000  
U2842                     NOR2_X1         NangateOpenCellLibrary
                                                          0.798000  
U2843                     FA_X1           NangateOpenCellLibrary
                                                          4.256000  r
U2844                     AOI22_X1        NangateOpenCellLibrary
                                                          1.330000  
U2845                     FA_X1           NangateOpenCellLibrary
                                                          4.256000  r
U2846                     AOI22_X1        NangateOpenCellLibrary
                                                          1.330000  
U2847                     MUX2_X1         NangateOpenCellLibrary
                                                          1.862000  
U2848                     MUX2_X1         NangateOpenCellLibrary
                                                          1.862000  
U2849                     FA_X1           NangateOpenCellLibrary
                                                          4.256000  r
U2850                     NOR2_X1         NangateOpenCellLibrary
                                                          0.798000  
U2851                     NAND2_X1        NangateOpenCellLibrary
                                                          0.798000  
U2852                     NOR2_X1         NangateOpenCellLibrary
                                                          0.798000  
U2853                     INV_X1          NangateOpenCellLibrary
                                                          0.532000  
U2854                     NAND2_X1        NangateOpenCellLibrary
                                                          0.798000  
U2855                     NAND2_X1        NangateOpenCellLibrary
                                                          0.798000  
U2856                     XNOR2_X1        NangateOpenCellLibrary
                                                          1.596000  
U2857                     AOI22_X1        NangateOpenCellLibrary
                                                          1.330000  
U2858                     NOR2_X1         NangateOpenCellLibrary
                                                          0.798000  
U2859                     AOI21_X1        NangateOpenCellLibrary
                                                          1.064000  
U2860                     XNOR2_X1        NangateOpenCellLibrary
                                                          1.596000  
U2861                     FA_X1           NangateOpenCellLibrary
                                                          4.256000  r
U2862                     XNOR2_X1        NangateOpenCellLibrary
                                                          1.596000  
U2863                     AOI22_X1        NangateOpenCellLibrary
                                                          1.330000  
U2864                     NAND2_X1        NangateOpenCellLibrary
                                                          0.798000  
U2865                     INV_X1          NangateOpenCellLibrary
                                                          0.532000  
U2866                     OAI222_X1       NangateOpenCellLibrary
                                                          2.128000  
U2867                     INV_X1          NangateOpenCellLibrary
                                                          0.532000  
U2868                     MUX2_X1         NangateOpenCellLibrary
                                                          1.862000  
U2869                     INV_X1          NangateOpenCellLibrary
                                                          0.532000  
U2870                     FA_X1           NangateOpenCellLibrary
                                                          4.256000  r
U2871                     NAND2_X1        NangateOpenCellLibrary
                                                          0.798000  
U2872                     MUX2_X1         NangateOpenCellLibrary
                                                          1.862000  
U2873                     NAND2_X1        NangateOpenCellLibrary
                                                          0.798000  
U2874                     FA_X1           NangateOpenCellLibrary
                                                          4.256000  r
U2875                     NAND2_X1        NangateOpenCellLibrary
                                                          0.798000  
U2876                     OAI21_X1        NangateOpenCellLibrary
                                                          1.064000  
U2877                     XNOR2_X1        NangateOpenCellLibrary
                                                          1.596000  
U2878                     AOI22_X1        NangateOpenCellLibrary
                                                          1.330000  
U2879                     INV_X1          NangateOpenCellLibrary
                                                          0.532000  
U2880                     NOR2_X1         NangateOpenCellLibrary
                                                          0.798000  
U2881                     NOR2_X1         NangateOpenCellLibrary
                                                          0.798000  
U2882                     NOR2_X1         NangateOpenCellLibrary
                                                          0.798000  
U2883                     AOI22_X1        NangateOpenCellLibrary
                                                          1.330000  
U2884                     AOI22_X1        NangateOpenCellLibrary
                                                          1.330000  
U2885                     AOI22_X1        NangateOpenCellLibrary
                                                          1.330000  
U2886                     AOI22_X1        NangateOpenCellLibrary
                                                          1.330000  
U2887                     AOI22_X1        NangateOpenCellLibrary
                                                          1.330000  
U2888                     AOI22_X1        NangateOpenCellLibrary
                                                          1.330000  
U2889                     AOI22_X1        NangateOpenCellLibrary
                                                          1.330000  
U2890                     AOI22_X1        NangateOpenCellLibrary
                                                          1.330000  
U2891                     AOI22_X1        NangateOpenCellLibrary
                                                          1.330000  
U2892                     AOI22_X1        NangateOpenCellLibrary
                                                          1.330000  
U2893                     AOI22_X1        NangateOpenCellLibrary
                                                          1.330000  
U2894                     NOR2_X1         NangateOpenCellLibrary
                                                          0.798000  
U2895                     AOI22_X1        NangateOpenCellLibrary
                                                          1.330000  
U2896                     AOI221_X1       NangateOpenCellLibrary
                                                          1.596000  
U2897                     XNOR2_X1        NangateOpenCellLibrary
                                                          1.596000  
U2898                     AOI22_X1        NangateOpenCellLibrary
                                                          1.330000  
U2899                     NOR2_X1         NangateOpenCellLibrary
                                                          0.798000  
U2900                     NOR2_X1         NangateOpenCellLibrary
                                                          0.798000  
U2901                     NAND4_X1        NangateOpenCellLibrary
                                                          1.330000  
U2902                     OAI21_X1        NangateOpenCellLibrary
                                                          1.064000  
U2903                     AOI22_X1        NangateOpenCellLibrary
                                                          1.330000  
U2904                     OAI22_X1        NangateOpenCellLibrary
                                                          1.330000  
U2905                     AOI21_X1        NangateOpenCellLibrary
                                                          1.064000  
U2906                     NAND2_X1        NangateOpenCellLibrary
                                                          0.798000  
U2907                     XOR2_X1         NangateOpenCellLibrary
                                                          1.596000  
U2908                     OAI21_X1        NangateOpenCellLibrary
                                                          1.064000  
U2909                     NAND2_X1        NangateOpenCellLibrary
                                                          0.798000  
U2910                     OAI21_X1        NangateOpenCellLibrary
                                                          1.064000  
U2911                     AOI22_X1        NangateOpenCellLibrary
                                                          1.330000  
U2912                     NOR3_X1         NangateOpenCellLibrary
                                                          1.064000  
U2913                     NAND2_X1        NangateOpenCellLibrary
                                                          0.798000  
U2914                     OAI22_X1        NangateOpenCellLibrary
                                                          1.330000  
U2915                     AOI21_X1        NangateOpenCellLibrary
                                                          1.064000  
U2916                     NAND2_X1        NangateOpenCellLibrary
                                                          0.798000  
U2917                     INV_X1          NangateOpenCellLibrary
                                                          0.532000  
U2918                     OAI21_X1        NangateOpenCellLibrary
                                                          1.064000  
U2919                     INV_X1          NangateOpenCellLibrary
                                                          0.532000  
U2920                     NAND2_X1        NangateOpenCellLibrary
                                                          0.798000  
U2921                     AOI22_X1        NangateOpenCellLibrary
                                                          1.330000  
U2922                     AOI22_X1        NangateOpenCellLibrary
                                                          1.330000  
U2923                     FA_X1           NangateOpenCellLibrary
                                                          4.256000  r
U2924                     INV_X1          NangateOpenCellLibrary
                                                          0.532000  
U2925                     AOI22_X1        NangateOpenCellLibrary
                                                          1.330000  
U2926                     INV_X1          NangateOpenCellLibrary
                                                          0.532000  
U2927                     AOI22_X1        NangateOpenCellLibrary
                                                          1.330000  
U2928                     AOI22_X1        NangateOpenCellLibrary
                                                          1.330000  
U2929                     AOI22_X1        NangateOpenCellLibrary
                                                          1.330000  
U2930                     OAI21_X1        NangateOpenCellLibrary
                                                          1.064000  
U2931                     NAND2_X1        NangateOpenCellLibrary
                                                          0.798000  
U2932                     XNOR2_X1        NangateOpenCellLibrary
                                                          1.596000  
U2933                     AND2_X1         NangateOpenCellLibrary
                                                          1.064000  
U2934                     AND2_X1         NangateOpenCellLibrary
                                                          1.064000  
U2935                     AND2_X1         NangateOpenCellLibrary
                                                          1.064000  
U2936                     NOR2_X1         NangateOpenCellLibrary
                                                          0.798000  
U2937                     NOR2_X1         NangateOpenCellLibrary
                                                          0.798000  
U2938                     XOR2_X1         NangateOpenCellLibrary
                                                          1.596000  
U2939                     AOI22_X1        NangateOpenCellLibrary
                                                          1.330000  
U2940                     NOR2_X1         NangateOpenCellLibrary
                                                          0.798000  
U2941                     AOI22_X1        NangateOpenCellLibrary
                                                          1.330000  
U2942                     OAI21_X1        NangateOpenCellLibrary
                                                          1.064000  
U2943                     FA_X1           NangateOpenCellLibrary
                                                          4.256000  r
U2944                     NOR2_X1         NangateOpenCellLibrary
                                                          0.798000  
U2945                     NOR2_X1         NangateOpenCellLibrary
                                                          0.798000  
U2946                     NAND3_X1        NangateOpenCellLibrary
                                                          1.064000  
U2947                     AOI22_X1        NangateOpenCellLibrary
                                                          1.330000  
U2948                     INV_X1          NangateOpenCellLibrary
                                                          0.532000  
U2949                     XOR2_X1         NangateOpenCellLibrary
                                                          1.596000  
U2950                     NAND2_X1        NangateOpenCellLibrary
                                                          0.798000  
U2951                     OAI21_X1        NangateOpenCellLibrary
                                                          1.064000  
U2952                     AOI22_X1        NangateOpenCellLibrary
                                                          1.330000  
U2953                     AOI22_X1        NangateOpenCellLibrary
                                                          1.330000  
U2954                     AOI22_X1        NangateOpenCellLibrary
                                                          1.330000  
U2955                     AOI22_X1        NangateOpenCellLibrary
                                                          1.330000  
U2956                     NAND2_X1        NangateOpenCellLibrary
                                                          0.798000  
U2957                     XNOR2_X1        NangateOpenCellLibrary
                                                          1.596000  
U2958                     FA_X1           NangateOpenCellLibrary
                                                          4.256000  r
U2959                     OR2_X1          NangateOpenCellLibrary
                                                          1.064000  
U2960                     NAND2_X1        NangateOpenCellLibrary
                                                          0.798000  
U2961                     XNOR2_X1        NangateOpenCellLibrary
                                                          1.596000  
U2962                     XNOR2_X1        NangateOpenCellLibrary
                                                          1.596000  
U2963                     AOI22_X1        NangateOpenCellLibrary
                                                          1.330000  
U2964                     AOI22_X1        NangateOpenCellLibrary
                                                          1.330000  
U2965                     OAI21_X1        NangateOpenCellLibrary
                                                          1.064000  
U2966                     AOI22_X1        NangateOpenCellLibrary
                                                          1.330000  
U2967                     INV_X1          NangateOpenCellLibrary
                                                          0.532000  
U2968                     AOI22_X1        NangateOpenCellLibrary
                                                          1.330000  
U2969                     AOI22_X1        NangateOpenCellLibrary
                                                          1.330000  
U2970                     AOI22_X1        NangateOpenCellLibrary
                                                          1.330000  
U2971                     NAND3_X1        NangateOpenCellLibrary
                                                          1.064000  
U2972                     NOR2_X1         NangateOpenCellLibrary
                                                          0.798000  
U2973                     NAND2_X1        NangateOpenCellLibrary
                                                          0.798000  
U2974                     OAI21_X1        NangateOpenCellLibrary
                                                          1.064000  
U2975                     MUX2_X1         NangateOpenCellLibrary
                                                          1.862000  
U2976                     AOI22_X1        NangateOpenCellLibrary
                                                          1.330000  
U2977                     OAI22_X1        NangateOpenCellLibrary
                                                          1.330000  
U2978                     AOI22_X1        NangateOpenCellLibrary
                                                          1.330000  
U2979                     AOI22_X1        NangateOpenCellLibrary
                                                          1.330000  
U2980                     AOI22_X1        NangateOpenCellLibrary
                                                          1.330000  
U2981                     NAND2_X1        NangateOpenCellLibrary
                                                          0.798000  
U2982                     XNOR2_X1        NangateOpenCellLibrary
                                                          1.596000  
U2983                     AOI22_X1        NangateOpenCellLibrary
                                                          1.330000  
U2984                     AOI22_X1        NangateOpenCellLibrary
                                                          1.330000  
U2985                     OAI22_X1        NangateOpenCellLibrary
                                                          1.330000  
U2986                     AOI22_X1        NangateOpenCellLibrary
                                                          1.330000  
U2987                     INV_X1          NangateOpenCellLibrary
                                                          0.532000  
U2988                     NAND2_X1        NangateOpenCellLibrary
                                                          0.798000  
U2989                     FA_X1           NangateOpenCellLibrary
                                                          4.256000  r
U2990                     XOR2_X1         NangateOpenCellLibrary
                                                          1.596000  
U2991                     XNOR2_X1        NangateOpenCellLibrary
                                                          1.596000  
U2992                     AOI22_X1        NangateOpenCellLibrary
                                                          1.330000  
U2993                     AOI22_X1        NangateOpenCellLibrary
                                                          1.330000  
U2994                     INV_X1          NangateOpenCellLibrary
                                                          0.532000  
U2995                     AOI22_X1        NangateOpenCellLibrary
                                                          1.330000  
U2996                     NOR2_X1         NangateOpenCellLibrary
                                                          0.798000  
U2997                     AOI22_X1        NangateOpenCellLibrary
                                                          1.330000  
U2998                     NAND3_X1        NangateOpenCellLibrary
                                                          1.064000  
U2999                     AOI22_X1        NangateOpenCellLibrary
                                                          1.330000  
U3000                     INV_X1          NangateOpenCellLibrary
                                                          0.532000  
U3001                     AOI21_X1        NangateOpenCellLibrary
                                                          1.064000  
U3002                     NOR2_X1         NangateOpenCellLibrary
                                                          0.798000  
U3003                     AOI21_X1        NangateOpenCellLibrary
                                                          1.064000  
U3004                     INV_X1          NangateOpenCellLibrary
                                                          0.532000  
U3005                     AND2_X1         NangateOpenCellLibrary
                                                          1.064000  
U3006                     NOR2_X1         NangateOpenCellLibrary
                                                          0.798000  
U3007                     NOR2_X1         NangateOpenCellLibrary
                                                          0.798000  
U3008                     NOR2_X1         NangateOpenCellLibrary
                                                          0.798000  
U3009                     AOI22_X1        NangateOpenCellLibrary
                                                          1.330000  
U3010                     AOI22_X1        NangateOpenCellLibrary
                                                          1.330000  
U3011                     AOI22_X1        NangateOpenCellLibrary
                                                          1.330000  
U3012                     FA_X1           NangateOpenCellLibrary
                                                          4.256000  r
U3013                     AOI22_X1        NangateOpenCellLibrary
                                                          1.330000  
U3014                     FA_X1           NangateOpenCellLibrary
                                                          4.256000  r
U3015                     AOI22_X1        NangateOpenCellLibrary
                                                          1.330000  
U3016                     AOI22_X1        NangateOpenCellLibrary
                                                          1.330000  
U3017                     AOI22_X1        NangateOpenCellLibrary
                                                          1.330000  
U3018                     NOR2_X1         NangateOpenCellLibrary
                                                          0.798000  
U3019                     NOR2_X1         NangateOpenCellLibrary
                                                          0.798000  
U3020                     AOI21_X1        NangateOpenCellLibrary
                                                          1.064000  
U3021                     FA_X1           NangateOpenCellLibrary
                                                          4.256000  r
U3022                     XNOR2_X1        NangateOpenCellLibrary
                                                          1.596000  
U3023                     AOI22_X1        NangateOpenCellLibrary
                                                          1.330000  
U3024                     NOR2_X1         NangateOpenCellLibrary
                                                          0.798000  
U3025                     NAND2_X1        NangateOpenCellLibrary
                                                          0.798000  
U3026                     AOI21_X1        NangateOpenCellLibrary
                                                          1.064000  
U3027                     AOI22_X1        NangateOpenCellLibrary
                                                          1.330000  
U3028                     NAND2_X1        NangateOpenCellLibrary
                                                          0.798000  
U3029                     AOI22_X1        NangateOpenCellLibrary
                                                          1.330000  
U3030                     AOI22_X1        NangateOpenCellLibrary
                                                          1.330000  
U3031                     NOR2_X1         NangateOpenCellLibrary
                                                          0.798000  
U3032                     AOI22_X1        NangateOpenCellLibrary
                                                          1.330000  
U3033                     NAND2_X1        NangateOpenCellLibrary
                                                          0.798000  
U3034                     FA_X1           NangateOpenCellLibrary
                                                          4.256000  r
U3035                     AOI22_X1        NangateOpenCellLibrary
                                                          1.330000  
U3036                     FA_X1           NangateOpenCellLibrary
                                                          4.256000  r
U3037                     XOR2_X1         NangateOpenCellLibrary
                                                          1.596000  
U3038                     XNOR2_X1        NangateOpenCellLibrary
                                                          1.596000  
U3039                     AOI22_X1        NangateOpenCellLibrary
                                                          1.330000  
U3040                     INV_X1          NangateOpenCellLibrary
                                                          0.532000  
U3041                     NOR2_X1         NangateOpenCellLibrary
                                                          0.798000  
U3042                     NAND2_X1        NangateOpenCellLibrary
                                                          0.798000  
U3043                     OAI21_X1        NangateOpenCellLibrary
                                                          1.064000  
U3044                     MUX2_X1         NangateOpenCellLibrary
                                                          1.862000  
U3045                     MUX2_X1         NangateOpenCellLibrary
                                                          1.862000  
U3046                     MUX2_X1         NangateOpenCellLibrary
                                                          1.862000  
U3047                     MUX2_X1         NangateOpenCellLibrary
                                                          1.862000  
U3048                     MUX2_X1         NangateOpenCellLibrary
                                                          1.862000  
U3049                     MUX2_X1         NangateOpenCellLibrary
                                                          1.862000  
U3050                     MUX2_X1         NangateOpenCellLibrary
                                                          1.862000  
U3051                     MUX2_X1         NangateOpenCellLibrary
                                                          1.862000  
U3052                     MUX2_X1         NangateOpenCellLibrary
                                                          1.862000  
U3053                     NAND2_X1        NangateOpenCellLibrary
                                                          0.798000  
U3054                     MUX2_X1         NangateOpenCellLibrary
                                                          1.862000  
U3055                     NOR2_X1         NangateOpenCellLibrary
                                                          0.798000  
U3056                     INV_X1          NangateOpenCellLibrary
                                                          0.532000  
U3057                     NAND2_X1        NangateOpenCellLibrary
                                                          0.798000  
U3058                     OAI21_X1        NangateOpenCellLibrary
                                                          1.064000  
U3059                     XNOR2_X1        NangateOpenCellLibrary
                                                          1.596000  
U3060                     AOI22_X1        NangateOpenCellLibrary
                                                          1.330000  
U3061                     NAND2_X1        NangateOpenCellLibrary
                                                          0.798000  
U3062                     OAI211_X1       NangateOpenCellLibrary
                                                          1.330000  
U3063                     NAND2_X1        NangateOpenCellLibrary
                                                          0.798000  
U3064                     MUX2_X1         NangateOpenCellLibrary
                                                          1.862000  
U3065                     INV_X1          NangateOpenCellLibrary
                                                          0.532000  
U3066                     FA_X1           NangateOpenCellLibrary
                                                          4.256000  r
U3067                     NAND2_X1        NangateOpenCellLibrary
                                                          0.798000  
U3068                     OAI21_X1        NangateOpenCellLibrary
                                                          1.064000  
U3069                     XNOR2_X1        NangateOpenCellLibrary
                                                          1.596000  
U3070                     AOI22_X1        NangateOpenCellLibrary
                                                          1.330000  
U3071                     OAI211_X1       NangateOpenCellLibrary
                                                          1.330000  
U3072                     NAND2_X1        NangateOpenCellLibrary
                                                          0.798000  
U3073                     MUX2_X1         NangateOpenCellLibrary
                                                          1.862000  
U3074                     MUX2_X1         NangateOpenCellLibrary
                                                          1.862000  
U3075                     NAND2_X1        NangateOpenCellLibrary
                                                          0.798000  
U3076                     MUX2_X1         NangateOpenCellLibrary
                                                          1.862000  
U3077                     OAI221_X1       NangateOpenCellLibrary
                                                          1.596000  
U3078                     XNOR2_X1        NangateOpenCellLibrary
                                                          1.596000  
U3079                     AOI22_X1        NangateOpenCellLibrary
                                                          1.330000  
U3080                     NOR2_X1         NangateOpenCellLibrary
                                                          0.798000  
U3081                     NOR2_X1         NangateOpenCellLibrary
                                                          0.798000  
U3082                     NAND4_X1        NangateOpenCellLibrary
                                                          1.330000  
U3083                     OAI21_X1        NangateOpenCellLibrary
                                                          1.064000  
U3084                     AOI22_X1        NangateOpenCellLibrary
                                                          1.330000  
U3085                     OAI22_X1        NangateOpenCellLibrary
                                                          1.330000  
U3086                     AOI21_X1        NangateOpenCellLibrary
                                                          1.064000  
U3087                     NAND2_X1        NangateOpenCellLibrary
                                                          0.798000  
U3088                     XOR2_X1         NangateOpenCellLibrary
                                                          1.596000  
U3089                     OAI21_X1        NangateOpenCellLibrary
                                                          1.064000  
U3090                     NAND2_X1        NangateOpenCellLibrary
                                                          0.798000  
U3091                     OAI21_X1        NangateOpenCellLibrary
                                                          1.064000  
U3092                     AOI22_X1        NangateOpenCellLibrary
                                                          1.330000  
U3093                     NOR3_X1         NangateOpenCellLibrary
                                                          1.064000  
U3094                     NAND2_X1        NangateOpenCellLibrary
                                                          0.798000  
U3095                     OAI22_X1        NangateOpenCellLibrary
                                                          1.330000  
U3096                     AOI21_X1        NangateOpenCellLibrary
                                                          1.064000  
U3097                     NAND2_X1        NangateOpenCellLibrary
                                                          0.798000  
U3098                     INV_X1          NangateOpenCellLibrary
                                                          0.532000  
U3099                     OAI21_X1        NangateOpenCellLibrary
                                                          1.064000  
U3100                     INV_X1          NangateOpenCellLibrary
                                                          0.532000  
U3101                     NAND2_X1        NangateOpenCellLibrary
                                                          0.798000  
U3102                     AOI22_X1        NangateOpenCellLibrary
                                                          1.330000  
U3103                     AOI22_X1        NangateOpenCellLibrary
                                                          1.330000  
U3104                     FA_X1           NangateOpenCellLibrary
                                                          4.256000  r
U3105                     AND2_X1         NangateOpenCellLibrary
                                                          1.064000  
U3106                     INV_X1          NangateOpenCellLibrary
                                                          0.532000  
U3107                     AOI22_X1        NangateOpenCellLibrary
                                                          1.330000  
U3108                     OAI21_X1        NangateOpenCellLibrary
                                                          1.064000  
U3109                     NAND3_X1        NangateOpenCellLibrary
                                                          1.064000  
U3110                     OAI21_X1        NangateOpenCellLibrary
                                                          1.064000  
U3111                     INV_X1          NangateOpenCellLibrary
                                                          0.532000  
U3112                     AOI22_X1        NangateOpenCellLibrary
                                                          1.330000  
U3113                     AOI22_X1        NangateOpenCellLibrary
                                                          1.330000  
U3114                     AOI22_X1        NangateOpenCellLibrary
                                                          1.330000  
U3115                     NAND2_X1        NangateOpenCellLibrary
                                                          0.798000  
U3116                     NAND2_X1        NangateOpenCellLibrary
                                                          0.798000  
U3117                     XNOR2_X1        NangateOpenCellLibrary
                                                          1.596000  
U3118                     NOR2_X1         NangateOpenCellLibrary
                                                          0.798000  
U3119                     AOI21_X1        NangateOpenCellLibrary
                                                          1.064000  
U3120                     MUX2_X1         NangateOpenCellLibrary
                                                          1.862000  
U3121                     NOR2_X1         NangateOpenCellLibrary
                                                          0.798000  
U3122                     AOI22_X1        NangateOpenCellLibrary
                                                          1.330000  
U3123                     OAI21_X1        NangateOpenCellLibrary
                                                          1.064000  
U3124                     FA_X1           NangateOpenCellLibrary
                                                          4.256000  r
U3125                     AOI22_X1        NangateOpenCellLibrary
                                                          1.330000  
U3126                     AOI22_X1        NangateOpenCellLibrary
                                                          1.330000  
U3127                     INV_X1          NangateOpenCellLibrary
                                                          0.532000  
U3128                     NOR2_X1         NangateOpenCellLibrary
                                                          0.798000  
U3129                     NOR2_X1         NangateOpenCellLibrary
                                                          0.798000  
U3130                     NAND2_X1        NangateOpenCellLibrary
                                                          0.798000  
U3131                     NOR2_X1         NangateOpenCellLibrary
                                                          0.798000  
U3132                     INV_X1          NangateOpenCellLibrary
                                                          0.532000  
U3133                     NAND2_X1        NangateOpenCellLibrary
                                                          0.798000  
U3134                     XNOR2_X1        NangateOpenCellLibrary
                                                          1.596000  
U3135                     AOI22_X1        NangateOpenCellLibrary
                                                          1.330000  
U3136                     AOI22_X1        NangateOpenCellLibrary
                                                          1.330000  
U3137                     AOI22_X1        NangateOpenCellLibrary
                                                          1.330000  
U3138                     AOI22_X1        NangateOpenCellLibrary
                                                          1.330000  
U3139                     NAND2_X1        NangateOpenCellLibrary
                                                          0.798000  
U3140                     XNOR2_X1        NangateOpenCellLibrary
                                                          1.596000  
U3141                     OAI22_X1        NangateOpenCellLibrary
                                                          1.330000  
U3142                     AOI21_X1        NangateOpenCellLibrary
                                                          1.064000  
U3143                     AOI22_X1        NangateOpenCellLibrary
                                                          1.330000  
U3144                     AOI22_X1        NangateOpenCellLibrary
                                                          1.330000  
U3145                     INV_X1          NangateOpenCellLibrary
                                                          0.532000  
U3146                     NAND2_X1        NangateOpenCellLibrary
                                                          0.798000  
U3147                     FA_X1           NangateOpenCellLibrary
                                                          4.256000  r
U3148                     INV_X1          NangateOpenCellLibrary
                                                          0.532000  
U3149                     OAI21_X1        NangateOpenCellLibrary
                                                          1.064000  
U3150                     XOR2_X1         NangateOpenCellLibrary
                                                          1.596000  
U3151                     XNOR2_X1        NangateOpenCellLibrary
                                                          1.596000  
U3152                     AOI22_X1        NangateOpenCellLibrary
                                                          1.330000  
U3153                     AOI22_X1        NangateOpenCellLibrary
                                                          1.330000  
U3154                     OAI21_X1        NangateOpenCellLibrary
                                                          1.064000  
U3155                     INV_X1          NangateOpenCellLibrary
                                                          0.532000  
U3156                     AOI222_X1       NangateOpenCellLibrary
                                                          2.128000  
U3157                     MUX2_X1         NangateOpenCellLibrary
                                                          1.862000  
U3158                     AOI22_X1        NangateOpenCellLibrary
                                                          1.330000  
U3159                     OAI22_X1        NangateOpenCellLibrary
                                                          1.330000  
U3160                     AOI22_X1        NangateOpenCellLibrary
                                                          1.330000  
U3161                     AOI22_X1        NangateOpenCellLibrary
                                                          1.330000  
U3162                     AOI22_X1        NangateOpenCellLibrary
                                                          1.330000  
U3163                     NAND2_X1        NangateOpenCellLibrary
                                                          0.798000  
U3164                     XNOR2_X1        NangateOpenCellLibrary
                                                          1.596000  
U3165                     AOI22_X1        NangateOpenCellLibrary
                                                          1.330000  
U3166                     AOI22_X1        NangateOpenCellLibrary
                                                          1.330000  
U3167                     AOI22_X1        NangateOpenCellLibrary
                                                          1.330000  
U3168                     OAI22_X1        NangateOpenCellLibrary
                                                          1.330000  
U3169                     AOI22_X1        NangateOpenCellLibrary
                                                          1.330000  
U3170                     AOI22_X1        NangateOpenCellLibrary
                                                          1.330000  
U3171                     INV_X1          NangateOpenCellLibrary
                                                          0.532000  
U3172                     NAND2_X1        NangateOpenCellLibrary
                                                          0.798000  
U3173                     AOI22_X1        NangateOpenCellLibrary
                                                          1.330000  
U3174                     INV_X1          NangateOpenCellLibrary
                                                          0.532000  
U3175                     AOI22_X1        NangateOpenCellLibrary
                                                          1.330000  
U3176                     AOI22_X1        NangateOpenCellLibrary
                                                          1.330000  
U3177                     NAND3_X1        NangateOpenCellLibrary
                                                          1.064000  
U3178                     AOI22_X1        NangateOpenCellLibrary
                                                          1.330000  
U3179                     INV_X1          NangateOpenCellLibrary
                                                          0.532000  
U3180                     AOI22_X1        NangateOpenCellLibrary
                                                          1.330000  
U3181                     NOR2_X1         NangateOpenCellLibrary
                                                          0.798000  
U3182                     AOI22_X1        NangateOpenCellLibrary
                                                          1.330000  
U3183                     NAND3_X1        NangateOpenCellLibrary
                                                          1.064000  
U3184                     AOI22_X1        NangateOpenCellLibrary
                                                          1.330000  
U3185                     INV_X1          NangateOpenCellLibrary
                                                          0.532000  
U3186                     AOI21_X1        NangateOpenCellLibrary
                                                          1.064000  
U3187                     NOR2_X1         NangateOpenCellLibrary
                                                          0.798000  
U3188                     AOI21_X1        NangateOpenCellLibrary
                                                          1.064000  
U3189                     INV_X1          NangateOpenCellLibrary
                                                          0.532000  
U3190                     FA_X1           NangateOpenCellLibrary
                                                          4.256000  r
U3191                     FA_X1           NangateOpenCellLibrary
                                                          4.256000  r
U3192                     XOR2_X1         NangateOpenCellLibrary
                                                          1.596000  
U3193                     XNOR2_X1        NangateOpenCellLibrary
                                                          1.596000  
U3194                     AOI22_X1        NangateOpenCellLibrary
                                                          1.330000  
U3195                     AOI22_X1        NangateOpenCellLibrary
                                                          1.330000  
U3196                     INV_X1          NangateOpenCellLibrary
                                                          0.532000  
U3197                     NAND2_X1        NangateOpenCellLibrary
                                                          0.798000  
U3198                     NOR2_X1         NangateOpenCellLibrary
                                                          0.798000  
U3199                     AOI21_X1        NangateOpenCellLibrary
                                                          1.064000  
U3200                     MUX2_X1         NangateOpenCellLibrary
                                                          1.862000  
U3201                     FA_X1           NangateOpenCellLibrary
                                                          4.256000  r
U3202                     MUX2_X1         NangateOpenCellLibrary
                                                          1.862000  
U3203                     FA_X1           NangateOpenCellLibrary
                                                          4.256000  r
U3204                     AOI22_X1        NangateOpenCellLibrary
                                                          1.330000  
U3205                     INV_X1          NangateOpenCellLibrary
                                                          0.532000  
U3206                     NOR2_X1         NangateOpenCellLibrary
                                                          0.798000  
U3207                     XNOR2_X1        NangateOpenCellLibrary
                                                          1.596000  
U3208                     AOI22_X1        NangateOpenCellLibrary
                                                          1.330000  
U3209                     OAI222_X1       NangateOpenCellLibrary
                                                          2.128000  
U3210                     AOI22_X1        NangateOpenCellLibrary
                                                          1.330000  
U3211                     INV_X1          NangateOpenCellLibrary
                                                          0.532000  
U3212                     NAND2_X1        NangateOpenCellLibrary
                                                          0.798000  
U3213                     XNOR2_X1        NangateOpenCellLibrary
                                                          1.596000  
U3214                     AOI22_X1        NangateOpenCellLibrary
                                                          1.330000  
U3215                     XNOR2_X1        NangateOpenCellLibrary
                                                          1.596000  
U3216                     XNOR2_X1        NangateOpenCellLibrary
                                                          1.596000  
U3217                     AOI22_X1        NangateOpenCellLibrary
                                                          1.330000  
U3218                     MUX2_X1         NangateOpenCellLibrary
                                                          1.862000  
U3219                     MUX2_X1         NangateOpenCellLibrary
                                                          1.862000  
U3220                     MUX2_X1         NangateOpenCellLibrary
                                                          1.862000  
U3221                     MUX2_X1         NangateOpenCellLibrary
                                                          1.862000  
U3222                     MUX2_X1         NangateOpenCellLibrary
                                                          1.862000  
U3223                     MUX2_X1         NangateOpenCellLibrary
                                                          1.862000  
U3224                     MUX2_X1         NangateOpenCellLibrary
                                                          1.862000  
U3225                     MUX2_X1         NangateOpenCellLibrary
                                                          1.862000  
U3226                     MUX2_X1         NangateOpenCellLibrary
                                                          1.862000  
U3227                     MUX2_X1         NangateOpenCellLibrary
                                                          1.862000  
U3228                     MUX2_X1         NangateOpenCellLibrary
                                                          1.862000  
U3229                     MUX2_X1         NangateOpenCellLibrary
                                                          1.862000  
U3230                     MUX2_X1         NangateOpenCellLibrary
                                                          1.862000  
U3231                     MUX2_X1         NangateOpenCellLibrary
                                                          1.862000  
U3232                     NAND2_X1        NangateOpenCellLibrary
                                                          0.798000  
U3233                     MUX2_X1         NangateOpenCellLibrary
                                                          1.862000  
U3234                     OAI221_X1       NangateOpenCellLibrary
                                                          1.596000  
U3235                     XNOR2_X1        NangateOpenCellLibrary
                                                          1.596000  
U3236                     AOI22_X1        NangateOpenCellLibrary
                                                          1.330000  
U3237                     NOR2_X1         NangateOpenCellLibrary
                                                          0.798000  
U3238                     NOR2_X1         NangateOpenCellLibrary
                                                          0.798000  
U3239                     NAND4_X1        NangateOpenCellLibrary
                                                          1.330000  
U3240                     OAI21_X1        NangateOpenCellLibrary
                                                          1.064000  
U3241                     AOI22_X1        NangateOpenCellLibrary
                                                          1.330000  
U3242                     OAI22_X1        NangateOpenCellLibrary
                                                          1.330000  
U3243                     AOI21_X1        NangateOpenCellLibrary
                                                          1.064000  
U3244                     NAND2_X1        NangateOpenCellLibrary
                                                          0.798000  
U3245                     XOR2_X1         NangateOpenCellLibrary
                                                          1.596000  
U3246                     OAI21_X1        NangateOpenCellLibrary
                                                          1.064000  
U3247                     NAND2_X1        NangateOpenCellLibrary
                                                          0.798000  
U3248                     OAI21_X1        NangateOpenCellLibrary
                                                          1.064000  
U3249                     AOI22_X1        NangateOpenCellLibrary
                                                          1.330000  
U3250                     NOR3_X1         NangateOpenCellLibrary
                                                          1.064000  
U3251                     NAND2_X1        NangateOpenCellLibrary
                                                          0.798000  
U3252                     OAI22_X1        NangateOpenCellLibrary
                                                          1.330000  
U3253                     AOI21_X1        NangateOpenCellLibrary
                                                          1.064000  
U3254                     NAND2_X1        NangateOpenCellLibrary
                                                          0.798000  
U3255                     INV_X1          NangateOpenCellLibrary
                                                          0.532000  
U3256                     OAI21_X1        NangateOpenCellLibrary
                                                          1.064000  
U3257                     INV_X1          NangateOpenCellLibrary
                                                          0.532000  
U3258                     NAND2_X1        NangateOpenCellLibrary
                                                          0.798000  
U3259                     AOI22_X1        NangateOpenCellLibrary
                                                          1.330000  
U3260                     AOI22_X1        NangateOpenCellLibrary
                                                          1.330000  
U3261                     FA_X1           NangateOpenCellLibrary
                                                          4.256000  r
U3262                     AOI22_X1        NangateOpenCellLibrary
                                                          1.330000  
U3263                     INV_X1          NangateOpenCellLibrary
                                                          0.532000  
U3264                     AOI22_X1        NangateOpenCellLibrary
                                                          1.330000  
U3265                     AOI22_X1        NangateOpenCellLibrary
                                                          1.330000  
U3266                     AOI22_X1        NangateOpenCellLibrary
                                                          1.330000  
U3267                     OAI21_X1        NangateOpenCellLibrary
                                                          1.064000  
U3268                     NAND2_X1        NangateOpenCellLibrary
                                                          0.798000  
U3269                     XNOR2_X1        NangateOpenCellLibrary
                                                          1.596000  
U3270                     AND2_X1         NangateOpenCellLibrary
                                                          1.064000  
U3271                     NAND2_X1        NangateOpenCellLibrary
                                                          0.798000  
U3272                     XOR2_X1         NangateOpenCellLibrary
                                                          1.596000  
U3273                     NOR2_X1         NangateOpenCellLibrary
                                                          0.798000  
U3274                     AOI21_X1        NangateOpenCellLibrary
                                                          1.064000  
U3275                     MUX2_X1         NangateOpenCellLibrary
                                                          1.862000  
U3276                     NOR2_X1         NangateOpenCellLibrary
                                                          0.798000  
U3277                     AOI22_X1        NangateOpenCellLibrary
                                                          1.330000  
U3278                     OAI21_X1        NangateOpenCellLibrary
                                                          1.064000  
U3279                     FA_X1           NangateOpenCellLibrary
                                                          4.256000  r
U3280                     INV_X1          NangateOpenCellLibrary
                                                          0.532000  
U3281                     NOR2_X1         NangateOpenCellLibrary
                                                          0.798000  
U3282                     NOR2_X1         NangateOpenCellLibrary
                                                          0.798000  
U3283                     NAND3_X1        NangateOpenCellLibrary
                                                          1.064000  
U3284                     AOI22_X1        NangateOpenCellLibrary
                                                          1.330000  
U3285                     INV_X1          NangateOpenCellLibrary
                                                          0.532000  
U3286                     NOR2_X1         NangateOpenCellLibrary
                                                          0.798000  
U3287                     NAND2_X1        NangateOpenCellLibrary
                                                          0.798000  
U3288                     INV_X1          NangateOpenCellLibrary
                                                          0.532000  
U3289                     NOR2_X1         NangateOpenCellLibrary
                                                          0.798000  
U3290                     XNOR2_X1        NangateOpenCellLibrary
                                                          1.596000  
U3291                     AOI22_X1        NangateOpenCellLibrary
                                                          1.330000  
U3292                     NAND2_X1        NangateOpenCellLibrary
                                                          0.798000  
U3293                     XNOR2_X1        NangateOpenCellLibrary
                                                          1.596000  
U3294                     FA_X1           NangateOpenCellLibrary
                                                          4.256000  r
U3295                     AOI21_X1        NangateOpenCellLibrary
                                                          1.064000  
U3296                     XOR2_X1         NangateOpenCellLibrary
                                                          1.596000  
U3297                     XNOR2_X1        NangateOpenCellLibrary
                                                          1.596000  
U3298                     AOI22_X1        NangateOpenCellLibrary
                                                          1.330000  
U3299                     AOI22_X1        NangateOpenCellLibrary
                                                          1.330000  
U3300                     OAI21_X1        NangateOpenCellLibrary
                                                          1.064000  
U3301                     INV_X1          NangateOpenCellLibrary
                                                          0.532000  
U3302                     AOI222_X1       NangateOpenCellLibrary
                                                          2.128000  
U3303                     MUX2_X1         NangateOpenCellLibrary
                                                          1.862000  
U3304                     AOI22_X1        NangateOpenCellLibrary
                                                          1.330000  
U3305                     OAI22_X1        NangateOpenCellLibrary
                                                          1.330000  
U3306                     AOI22_X1        NangateOpenCellLibrary
                                                          1.330000  
U3307                     AOI22_X1        NangateOpenCellLibrary
                                                          1.330000  
U3308                     AOI22_X1        NangateOpenCellLibrary
                                                          1.330000  
U3309                     NAND2_X1        NangateOpenCellLibrary
                                                          0.798000  
U3310                     XNOR2_X1        NangateOpenCellLibrary
                                                          1.596000  
U3311                     AOI22_X1        NangateOpenCellLibrary
                                                          1.330000  
U3312                     AOI22_X1        NangateOpenCellLibrary
                                                          1.330000  
U3313                     OAI22_X1        NangateOpenCellLibrary
                                                          1.330000  
U3314                     AOI22_X1        NangateOpenCellLibrary
                                                          1.330000  
U3315                     INV_X1          NangateOpenCellLibrary
                                                          0.532000  
U3316                     NAND2_X1        NangateOpenCellLibrary
                                                          0.798000  
U3317                     MUX2_X1         NangateOpenCellLibrary
                                                          1.862000  
U3318                     AOI22_X1        NangateOpenCellLibrary
                                                          1.330000  
U3319                     INV_X1          NangateOpenCellLibrary
                                                          0.532000  
U3320                     AOI22_X1        NangateOpenCellLibrary
                                                          1.330000  
U3321                     NOR2_X1         NangateOpenCellLibrary
                                                          0.798000  
U3322                     AOI22_X1        NangateOpenCellLibrary
                                                          1.330000  
U3323                     AOI22_X1        NangateOpenCellLibrary
                                                          1.330000  
U3324                     NAND3_X1        NangateOpenCellLibrary
                                                          1.064000  
U3325                     OAI22_X1        NangateOpenCellLibrary
                                                          1.330000  
U3326                     AOI22_X1        NangateOpenCellLibrary
                                                          1.330000  
U3327                     INV_X1          NangateOpenCellLibrary
                                                          0.532000  
U3328                     AOI21_X1        NangateOpenCellLibrary
                                                          1.064000  
U3329                     NOR2_X1         NangateOpenCellLibrary
                                                          0.798000  
U3330                     AOI21_X1        NangateOpenCellLibrary
                                                          1.064000  
U3331                     FA_X1           NangateOpenCellLibrary
                                                          4.256000  r
U3332                     NAND2_X1        NangateOpenCellLibrary
                                                          0.798000  
U3333                     OAI21_X1        NangateOpenCellLibrary
                                                          1.064000  
U3334                     XNOR2_X1        NangateOpenCellLibrary
                                                          1.596000  
U3335                     AOI22_X1        NangateOpenCellLibrary
                                                          1.330000  
U3336                     AOI22_X1        NangateOpenCellLibrary
                                                          1.330000  
U3337                     AOI22_X1        NangateOpenCellLibrary
                                                          1.330000  
U3338                     AOI22_X1        NangateOpenCellLibrary
                                                          1.330000  
U3339                     AOI22_X1        NangateOpenCellLibrary
                                                          1.330000  
U3340                     OAI22_X1        NangateOpenCellLibrary
                                                          1.330000  
U3341                     INV_X1          NangateOpenCellLibrary
                                                          0.532000  
U3342                     AOI22_X1        NangateOpenCellLibrary
                                                          1.330000  
U3343                     NOR2_X1         NangateOpenCellLibrary
                                                          0.798000  
U3344                     OAI21_X1        NangateOpenCellLibrary
                                                          1.064000  
U3345                     MUX2_X1         NangateOpenCellLibrary
                                                          1.862000  
U3346                     NOR2_X1         NangateOpenCellLibrary
                                                          0.798000  
U3347                     AOI22_X1        NangateOpenCellLibrary
                                                          1.330000  
U3348                     AOI22_X1        NangateOpenCellLibrary
                                                          1.330000  
U3349                     MUX2_X1         NangateOpenCellLibrary
                                                          1.862000  
U3350                     NAND2_X1        NangateOpenCellLibrary
                                                          0.798000  
U3351                     AOI22_X1        NangateOpenCellLibrary
                                                          1.330000  
U3352                     AOI22_X1        NangateOpenCellLibrary
                                                          1.330000  
U3353                     FA_X1           NangateOpenCellLibrary
                                                          4.256000  r
U3354                     AOI22_X1        NangateOpenCellLibrary
                                                          1.330000  
U3355                     AOI22_X1        NangateOpenCellLibrary
                                                          1.330000  
U3356                     AOI22_X1        NangateOpenCellLibrary
                                                          1.330000  
U3357                     MUX2_X1         NangateOpenCellLibrary
                                                          1.862000  
U3358                     INV_X1          NangateOpenCellLibrary
                                                          0.532000  
U3359                     NOR2_X1         NangateOpenCellLibrary
                                                          0.798000  
U3360                     XOR2_X1         NangateOpenCellLibrary
                                                          1.596000  
U3361                     XNOR2_X1        NangateOpenCellLibrary
                                                          1.596000  
U3362                     AOI22_X1        NangateOpenCellLibrary
                                                          1.330000  
U3363                     FA_X1           NangateOpenCellLibrary
                                                          4.256000  r
U3364                     INV_X1          NangateOpenCellLibrary
                                                          0.532000  
U3365                     NAND2_X1        NangateOpenCellLibrary
                                                          0.798000  
U3366                     INV_X1          NangateOpenCellLibrary
                                                          0.532000  
U3367                     NOR2_X1         NangateOpenCellLibrary
                                                          0.798000  
U3368                     AOI21_X1        NangateOpenCellLibrary
                                                          1.064000  
U3369                     AOI22_X1        NangateOpenCellLibrary
                                                          1.330000  
U3370                     FA_X1           NangateOpenCellLibrary
                                                          4.256000  r
U3371                     INV_X1          NangateOpenCellLibrary
                                                          0.532000  
U3372                     NAND2_X1        NangateOpenCellLibrary
                                                          0.798000  
U3373                     XNOR2_X1        NangateOpenCellLibrary
                                                          1.596000  
U3374                     AOI22_X1        NangateOpenCellLibrary
                                                          1.330000  
U3375                     XNOR2_X1        NangateOpenCellLibrary
                                                          1.596000  
U3376                     XNOR2_X1        NangateOpenCellLibrary
                                                          1.596000  
U3377                     AOI22_X1        NangateOpenCellLibrary
                                                          1.330000  
U3378                     MUX2_X1         NangateOpenCellLibrary
                                                          1.862000  
U3379                     MUX2_X1         NangateOpenCellLibrary
                                                          1.862000  
U3380                     MUX2_X1         NangateOpenCellLibrary
                                                          1.862000  
U3381                     MUX2_X1         NangateOpenCellLibrary
                                                          1.862000  
U3382                     MUX2_X1         NangateOpenCellLibrary
                                                          1.862000  
U3383                     MUX2_X1         NangateOpenCellLibrary
                                                          1.862000  
U3384                     MUX2_X1         NangateOpenCellLibrary
                                                          1.862000  
U3385                     MUX2_X1         NangateOpenCellLibrary
                                                          1.862000  
U3386                     MUX2_X1         NangateOpenCellLibrary
                                                          1.862000  
U3387                     MUX2_X1         NangateOpenCellLibrary
                                                          1.862000  
U3388                     MUX2_X1         NangateOpenCellLibrary
                                                          1.862000  
U3389                     MUX2_X1         NangateOpenCellLibrary
                                                          1.862000  
U3390                     MUX2_X1         NangateOpenCellLibrary
                                                          1.862000  
U3391                     NAND2_X1        NangateOpenCellLibrary
                                                          0.798000  
U3392                     MUX2_X1         NangateOpenCellLibrary
                                                          1.862000  
U3393                     OAI21_X1        NangateOpenCellLibrary
                                                          1.064000  
U3394                     INV_X1          NangateOpenCellLibrary
                                                          0.532000  
U3395                     OAI211_X1       NangateOpenCellLibrary
                                                          1.330000  
U3396                     NOR3_X1         NangateOpenCellLibrary
                                                          1.064000  
U3397                     OAI21_X1        NangateOpenCellLibrary
                                                          1.064000  
U3398                     OAI21_X1        NangateOpenCellLibrary
                                                          1.064000  
U3399                     AOI22_X1        NangateOpenCellLibrary
                                                          1.330000  
U3400                     OAI221_X1       NangateOpenCellLibrary
                                                          1.596000  
U3401                     NAND2_X1        NangateOpenCellLibrary
                                                          0.798000  
U3402                     XNOR2_X1        NangateOpenCellLibrary
                                                          1.596000  
U3403                     AOI22_X1        NangateOpenCellLibrary
                                                          1.330000  
U3404                     NOR2_X1         NangateOpenCellLibrary
                                                          0.798000  
U3405                     NOR2_X1         NangateOpenCellLibrary
                                                          0.798000  
U3406                     NAND4_X1        NangateOpenCellLibrary
                                                          1.330000  
U3407                     OAI21_X1        NangateOpenCellLibrary
                                                          1.064000  
U3408                     AOI22_X1        NangateOpenCellLibrary
                                                          1.330000  
U3409                     OAI22_X1        NangateOpenCellLibrary
                                                          1.330000  
U3410                     AOI21_X1        NangateOpenCellLibrary
                                                          1.064000  
U3411                     NAND2_X1        NangateOpenCellLibrary
                                                          0.798000  
U3412                     NOR2_X1         NangateOpenCellLibrary
                                                          0.798000  
U3413                     AOI21_X1        NangateOpenCellLibrary
                                                          1.064000  
U3414                     OR2_X1          NangateOpenCellLibrary
                                                          1.064000  
U3415                     NAND2_X1        NangateOpenCellLibrary
                                                          0.798000  
U3416                     XNOR2_X1        NangateOpenCellLibrary
                                                          1.596000  
U3417                     AOI22_X1        NangateOpenCellLibrary
                                                          1.330000  
U3418                     INV_X1          NangateOpenCellLibrary
                                                          0.532000  
U3419                     AOI21_X1        NangateOpenCellLibrary
                                                          1.064000  
U3420                     NAND2_X1        NangateOpenCellLibrary
                                                          0.798000  
U3421                     OAI22_X1        NangateOpenCellLibrary
                                                          1.330000  
U3422                     AOI21_X1        NangateOpenCellLibrary
                                                          1.064000  
U3423                     NAND2_X1        NangateOpenCellLibrary
                                                          0.798000  
U3424                     INV_X1          NangateOpenCellLibrary
                                                          0.532000  
U3425                     MUX2_X1         NangateOpenCellLibrary
                                                          1.862000  
U3426                     FA_X1           NangateOpenCellLibrary
                                                          4.256000  r
U3427                     NOR2_X1         NangateOpenCellLibrary
                                                          0.798000  
U3428                     INV_X1          NangateOpenCellLibrary
                                                          0.532000  
U3429                     AOI22_X1        NangateOpenCellLibrary
                                                          1.330000  
U3430                     OAI21_X1        NangateOpenCellLibrary
                                                          1.064000  
U3431                     NAND3_X1        NangateOpenCellLibrary
                                                          1.064000  
U3432                     OAI21_X1        NangateOpenCellLibrary
                                                          1.064000  
U3433                     INV_X1          NangateOpenCellLibrary
                                                          0.532000  
U3434                     AOI22_X1        NangateOpenCellLibrary
                                                          1.330000  
U3435                     AOI22_X1        NangateOpenCellLibrary
                                                          1.330000  
U3436                     AOI22_X1        NangateOpenCellLibrary
                                                          1.330000  
U3437                     NAND2_X1        NangateOpenCellLibrary
                                                          0.798000  
U3438                     FA_X1           NangateOpenCellLibrary
                                                          4.256000  r
U3439                     INV_X1          NangateOpenCellLibrary
                                                          0.532000  
U3440                     NAND2_X1        NangateOpenCellLibrary
                                                          0.798000  
U3441                     OR2_X1          NangateOpenCellLibrary
                                                          1.064000  
U3442                     NAND2_X1        NangateOpenCellLibrary
                                                          0.798000  
U3443                     XNOR2_X1        NangateOpenCellLibrary
                                                          1.596000  
U3444                     AOI22_X1        NangateOpenCellLibrary
                                                          1.330000  
U3445                     NOR2_X1         NangateOpenCellLibrary
                                                          0.798000  
U3446                     INV_X1          NangateOpenCellLibrary
                                                          0.532000  
U3447                     AOI22_X1        NangateOpenCellLibrary
                                                          1.330000  
U3448                     OAI21_X1        NangateOpenCellLibrary
                                                          1.064000  
U3449                     FA_X1           NangateOpenCellLibrary
                                                          4.256000  r
U3450                     AOI22_X1        NangateOpenCellLibrary
                                                          1.330000  
U3451                     AOI22_X1        NangateOpenCellLibrary
                                                          1.330000  
U3452                     INV_X1          NangateOpenCellLibrary
                                                          0.532000  
U3453                     INV_X1          NangateOpenCellLibrary
                                                          0.532000  
U3454                     INV_X1          NangateOpenCellLibrary
                                                          0.532000  
U3455                     AOI21_X1        NangateOpenCellLibrary
                                                          1.064000  
U3456                     AND2_X1         NangateOpenCellLibrary
                                                          1.064000  
U3457                     NOR2_X1         NangateOpenCellLibrary
                                                          0.798000  
U3458                     NOR2_X1         NangateOpenCellLibrary
                                                          0.798000  
U3459                     XOR2_X1         NangateOpenCellLibrary
                                                          1.596000  
U3460                     AOI22_X1        NangateOpenCellLibrary
                                                          1.330000  
U3461                     AOI22_X1        NangateOpenCellLibrary
                                                          1.330000  
U3462                     AOI22_X1        NangateOpenCellLibrary
                                                          1.330000  
U3463                     AOI22_X1        NangateOpenCellLibrary
                                                          1.330000  
U3464                     NAND2_X1        NangateOpenCellLibrary
                                                          0.798000  
U3465                     XNOR2_X1        NangateOpenCellLibrary
                                                          1.596000  
U3466                     OAI22_X1        NangateOpenCellLibrary
                                                          1.330000  
U3467                     AOI21_X1        NangateOpenCellLibrary
                                                          1.064000  
U3468                     AOI22_X1        NangateOpenCellLibrary
                                                          1.330000  
U3469                     AOI22_X1        NangateOpenCellLibrary
                                                          1.330000  
U3470                     INV_X1          NangateOpenCellLibrary
                                                          0.532000  
U3471                     NAND2_X1        NangateOpenCellLibrary
                                                          0.798000  
U3472                     FA_X1           NangateOpenCellLibrary
                                                          4.256000  r
U3473                     NOR2_X1         NangateOpenCellLibrary
                                                          0.798000  
U3474                     NOR2_X1         NangateOpenCellLibrary
                                                          0.798000  
U3475                     XOR2_X1         NangateOpenCellLibrary
                                                          1.596000  
U3476                     XNOR2_X1        NangateOpenCellLibrary
                                                          1.596000  
U3477                     AOI22_X1        NangateOpenCellLibrary
                                                          1.330000  
U3478                     AOI22_X1        NangateOpenCellLibrary
                                                          1.330000  
U3479                     OAI21_X1        NangateOpenCellLibrary
                                                          1.064000  
U3480                     INV_X1          NangateOpenCellLibrary
                                                          0.532000  
U3481                     AOI222_X1       NangateOpenCellLibrary
                                                          2.128000  
U3482                     MUX2_X1         NangateOpenCellLibrary
                                                          1.862000  
U3483                     AOI22_X1        NangateOpenCellLibrary
                                                          1.330000  
U3484                     OAI22_X1        NangateOpenCellLibrary
                                                          1.330000  
U3485                     AOI22_X1        NangateOpenCellLibrary
                                                          1.330000  
U3486                     AOI22_X1        NangateOpenCellLibrary
                                                          1.330000  
U3487                     AOI22_X1        NangateOpenCellLibrary
                                                          1.330000  
U3488                     NAND2_X1        NangateOpenCellLibrary
                                                          0.798000  
U3489                     XNOR2_X1        NangateOpenCellLibrary
                                                          1.596000  
U3490                     AOI22_X1        NangateOpenCellLibrary
                                                          1.330000  
U3491                     AOI22_X1        NangateOpenCellLibrary
                                                          1.330000  
U3492                     AOI22_X1        NangateOpenCellLibrary
                                                          1.330000  
U3493                     OAI22_X1        NangateOpenCellLibrary
                                                          1.330000  
U3494                     INV_X1          NangateOpenCellLibrary
                                                          0.532000  
U3495                     AOI22_X1        NangateOpenCellLibrary
                                                          1.330000  
U3496                     AOI22_X1        NangateOpenCellLibrary
                                                          1.330000  
U3497                     INV_X1          NangateOpenCellLibrary
                                                          0.532000  
U3498                     NAND2_X1        NangateOpenCellLibrary
                                                          0.798000  
U3499                     AOI22_X1        NangateOpenCellLibrary
                                                          1.330000  
U3500                     INV_X1          NangateOpenCellLibrary
                                                          0.532000  
U3501                     AOI22_X1        NangateOpenCellLibrary
                                                          1.330000  
U3502                     AOI22_X1        NangateOpenCellLibrary
                                                          1.330000  
U3503                     NAND3_X1        NangateOpenCellLibrary
                                                          1.064000  
U3504                     OAI22_X1        NangateOpenCellLibrary
                                                          1.330000  
U3505                     AOI22_X1        NangateOpenCellLibrary
                                                          1.330000  
U3506                     INV_X1          NangateOpenCellLibrary
                                                          0.532000  
U3507                     AOI21_X1        NangateOpenCellLibrary
                                                          1.064000  
U3508                     NOR2_X1         NangateOpenCellLibrary
                                                          0.798000  
U3509                     AOI21_X1        NangateOpenCellLibrary
                                                          1.064000  
U3510                     NAND3_X1        NangateOpenCellLibrary
                                                          1.064000  
U3511                     AOI22_X1        NangateOpenCellLibrary
                                                          1.330000  
U3512                     INV_X1          NangateOpenCellLibrary
                                                          0.532000  
U3513                     AOI22_X1        NangateOpenCellLibrary
                                                          1.330000  
U3514                     NOR2_X1         NangateOpenCellLibrary
                                                          0.798000  
U3515                     AOI22_X1        NangateOpenCellLibrary
                                                          1.330000  
U3516                     AOI22_X1        NangateOpenCellLibrary
                                                          1.330000  
U3517                     INV_X1          NangateOpenCellLibrary
                                                          0.532000  
U3518                     FA_X1           NangateOpenCellLibrary
                                                          4.256000  r
U3519                     FA_X1           NangateOpenCellLibrary
                                                          4.256000  r
U3520                     XOR2_X1         NangateOpenCellLibrary
                                                          1.596000  
U3521                     XNOR2_X1        NangateOpenCellLibrary
                                                          1.596000  
U3522                     AOI22_X1        NangateOpenCellLibrary
                                                          1.330000  
U3523                     AOI22_X1        NangateOpenCellLibrary
                                                          1.330000  
U3524                     AOI22_X1        NangateOpenCellLibrary
                                                          1.330000  
U3525                     AOI22_X1        NangateOpenCellLibrary
                                                          1.330000  
U3526                     AOI22_X1        NangateOpenCellLibrary
                                                          1.330000  
U3527                     OAI22_X1        NangateOpenCellLibrary
                                                          1.330000  
U3528                     INV_X1          NangateOpenCellLibrary
                                                          0.532000  
U3529                     AOI22_X1        NangateOpenCellLibrary
                                                          1.330000  
U3530                     INV_X1          NangateOpenCellLibrary
                                                          0.532000  
U3531                     NOR2_X1         NangateOpenCellLibrary
                                                          0.798000  
U3532                     NAND2_X1        NangateOpenCellLibrary
                                                          0.798000  
U3533                     OAI21_X1        NangateOpenCellLibrary
                                                          1.064000  
U3534                     MUX2_X1         NangateOpenCellLibrary
                                                          1.862000  
U3535                     NOR2_X1         NangateOpenCellLibrary
                                                          0.798000  
U3536                     AOI22_X1        NangateOpenCellLibrary
                                                          1.330000  
U3537                     AOI22_X1        NangateOpenCellLibrary
                                                          1.330000  
U3538                     MUX2_X1         NangateOpenCellLibrary
                                                          1.862000  
U3539                     NAND2_X1        NangateOpenCellLibrary
                                                          0.798000  
U3540                     AOI22_X1        NangateOpenCellLibrary
                                                          1.330000  
U3541                     AOI22_X1        NangateOpenCellLibrary
                                                          1.330000  
U3542                     FA_X1           NangateOpenCellLibrary
                                                          4.256000  r
U3543                     INV_X1          NangateOpenCellLibrary
                                                          0.532000  
U3544                     AOI22_X1        NangateOpenCellLibrary
                                                          1.330000  
U3545                     AOI22_X1        NangateOpenCellLibrary
                                                          1.330000  
U3546                     AOI22_X1        NangateOpenCellLibrary
                                                          1.330000  
U3547                     MUX2_X1         NangateOpenCellLibrary
                                                          1.862000  
U3548                     INV_X1          NangateOpenCellLibrary
                                                          0.532000  
U3549                     NOR2_X1         NangateOpenCellLibrary
                                                          0.798000  
U3550                     XOR2_X1         NangateOpenCellLibrary
                                                          1.596000  
U3551                     XNOR2_X1        NangateOpenCellLibrary
                                                          1.596000  
U3552                     AOI22_X1        NangateOpenCellLibrary
                                                          1.330000  
U3553                     INV_X1          NangateOpenCellLibrary
                                                          0.532000  
U3554                     NAND2_X1        NangateOpenCellLibrary
                                                          0.798000  
U3555                     INV_X1          NangateOpenCellLibrary
                                                          0.532000  
U3556                     NOR2_X1         NangateOpenCellLibrary
                                                          0.798000  
U3557                     AOI21_X1        NangateOpenCellLibrary
                                                          1.064000  
U3558                     AOI22_X1        NangateOpenCellLibrary
                                                          1.330000  
U3559                     FA_X1           NangateOpenCellLibrary
                                                          4.256000  r
U3560                     INV_X1          NangateOpenCellLibrary
                                                          0.532000  
U3561                     NOR2_X1         NangateOpenCellLibrary
                                                          0.798000  
U3562                     OR2_X1          NangateOpenCellLibrary
                                                          1.064000  
U3563                     INV_X1          NangateOpenCellLibrary
                                                          0.532000  
U3564                     NAND2_X1        NangateOpenCellLibrary
                                                          0.798000  
U3565                     INV_X1          NangateOpenCellLibrary
                                                          0.532000  
U3566                     NOR2_X1         NangateOpenCellLibrary
                                                          0.798000  
U3567                     NOR2_X1         NangateOpenCellLibrary
                                                          0.798000  
U3568                     XNOR2_X1        NangateOpenCellLibrary
                                                          1.596000  
U3569                     AOI22_X1        NangateOpenCellLibrary
                                                          1.330000  
U3570                     NOR2_X1         NangateOpenCellLibrary
                                                          0.798000  
U3571                     OAI21_X1        NangateOpenCellLibrary
                                                          1.064000  
U3572                     XOR2_X1         NangateOpenCellLibrary
                                                          1.596000  
U3573                     FA_X1           NangateOpenCellLibrary
                                                          4.256000  r
U3574                     XNOR2_X1        NangateOpenCellLibrary
                                                          1.596000  
U3575                     AOI22_X1        NangateOpenCellLibrary
                                                          1.330000  
U3576                     INV_X1          NangateOpenCellLibrary
                                                          0.532000  
U3577                     AOI222_X1       NangateOpenCellLibrary
                                                          2.128000  
U3578                     MUX2_X1         NangateOpenCellLibrary
                                                          1.862000  
U3579                     MUX2_X1         NangateOpenCellLibrary
                                                          1.862000  
U3580                     MUX2_X1         NangateOpenCellLibrary
                                                          1.862000  
U3581                     MUX2_X1         NangateOpenCellLibrary
                                                          1.862000  
U3582                     MUX2_X1         NangateOpenCellLibrary
                                                          1.862000  
U3583                     MUX2_X1         NangateOpenCellLibrary
                                                          1.862000  
U3584                     MUX2_X1         NangateOpenCellLibrary
                                                          1.862000  
U3585                     MUX2_X1         NangateOpenCellLibrary
                                                          1.862000  
U3586                     MUX2_X1         NangateOpenCellLibrary
                                                          1.862000  
U3587                     MUX2_X1         NangateOpenCellLibrary
                                                          1.862000  
U3588                     MUX2_X1         NangateOpenCellLibrary
                                                          1.862000  
U3589                     MUX2_X1         NangateOpenCellLibrary
                                                          1.862000  
U3590                     MUX2_X1         NangateOpenCellLibrary
                                                          1.862000  
U3591                     MUX2_X1         NangateOpenCellLibrary
                                                          1.862000  
U3592                     NAND2_X1        NangateOpenCellLibrary
                                                          0.798000  
U3593                     MUX2_X1         NangateOpenCellLibrary
                                                          1.862000  
U3594                     OAI221_X1       NangateOpenCellLibrary
                                                          1.596000  
U3595                     XNOR2_X1        NangateOpenCellLibrary
                                                          1.596000  
U3596                     AOI22_X1        NangateOpenCellLibrary
                                                          1.330000  
a_wr_addr_reg[0]          DFFR_X1         NangateOpenCellLibrary
                                                          5.320000  n
a_wr_addr_reg[1]          DFFR_X1         NangateOpenCellLibrary
                                                          5.320000  n
a_wr_addr_reg[2]          DFFR_X1         NangateOpenCellLibrary
                                                          5.320000  n
a_wr_addr_reg[3]          DFFR_X1         NangateOpenCellLibrary
                                                          5.320000  n
a_wr_addr_reg[4]          DFFR_X1         NangateOpenCellLibrary
                                                          5.320000  n
a_wr_addr_reg[5]          DFFR_X1         NangateOpenCellLibrary
                                                          5.320000  n
a_wr_data_reg[0]          DFFR_X1         NangateOpenCellLibrary
                                                          5.320000  n
a_wr_data_reg[1]          DFFR_X1         NangateOpenCellLibrary
                                                          5.320000  n
a_wr_data_reg[2]          DFFR_X1         NangateOpenCellLibrary
                                                          5.320000  n
a_wr_data_reg[3]          DFFR_X1         NangateOpenCellLibrary
                                                          5.320000  n
a_wr_data_reg[4]          DFFR_X1         NangateOpenCellLibrary
                                                          5.320000  n
a_wr_data_reg[5]          DFFR_X1         NangateOpenCellLibrary
                                                          5.320000  n
a_wr_data_reg[6]          DFFR_X1         NangateOpenCellLibrary
                                                          5.320000  n
a_wr_data_reg[7]          DFFR_X1         NangateOpenCellLibrary
                                                          5.320000  n
a_wr_en_reg               DFFR_X1         NangateOpenCellLibrary
                                                          5.320000  n
ar_addr_reg_reg[0]        DFFR_X1         NangateOpenCellLibrary
                                                          5.320000  n
ar_addr_reg_reg[1]        DFFR_X1         NangateOpenCellLibrary
                                                          5.320000  n
ar_addr_reg_reg[2]        DFFR_X1         NangateOpenCellLibrary
                                                          5.320000  n
ar_addr_reg_reg[3]        DFFR_X1         NangateOpenCellLibrary
                                                          5.320000  n
ar_addr_reg_reg[4]        DFFR_X1         NangateOpenCellLibrary
                                                          5.320000  n
ar_addr_reg_reg[5]        DFFR_X1         NangateOpenCellLibrary
                                                          5.320000  n
ar_addr_reg_reg[6]        DFFR_X1         NangateOpenCellLibrary
                                                          5.320000  n
ar_addr_reg_reg[7]        DFFR_X1         NangateOpenCellLibrary
                                                          5.320000  n
ar_addr_reg_reg[8]        DFFR_X1         NangateOpenCellLibrary
                                                          5.320000  n
ar_addr_reg_reg[9]        DFFR_X1         NangateOpenCellLibrary
                                                          5.320000  n
ar_addr_reg_reg[10]       DFFR_X1         NangateOpenCellLibrary
                                                          5.320000  n
ar_addr_reg_reg[11]       DFFR_X1         NangateOpenCellLibrary
                                                          5.320000  n
arready_reg               DFFR_X1         NangateOpenCellLibrary
                                                          5.320000  n
aw_addr_reg_reg[0]        DFFR_X1         NangateOpenCellLibrary
                                                          5.320000  n
aw_addr_reg_reg[1]        DFFR_X1         NangateOpenCellLibrary
                                                          5.320000  n
aw_addr_reg_reg[2]        DFFR_X1         NangateOpenCellLibrary
                                                          5.320000  n
aw_addr_reg_reg[3]        DFFR_X1         NangateOpenCellLibrary
                                                          5.320000  n
aw_addr_reg_reg[4]        DFFR_X1         NangateOpenCellLibrary
                                                          5.320000  n
aw_addr_reg_reg[5]        DFFR_X1         NangateOpenCellLibrary
                                                          5.320000  n
aw_addr_reg_reg[6]        DFFR_X1         NangateOpenCellLibrary
                                                          5.320000  n
aw_addr_reg_reg[7]        DFFR_X1         NangateOpenCellLibrary
                                                          5.320000  n
aw_addr_reg_reg[8]        DFFR_X1         NangateOpenCellLibrary
                                                          5.320000  n
aw_addr_reg_reg[9]        DFFR_X1         NangateOpenCellLibrary
                                                          5.320000  n
aw_addr_reg_reg[10]       DFFR_X1         NangateOpenCellLibrary
                                                          5.320000  n
aw_addr_reg_reg[11]       DFFR_X1         NangateOpenCellLibrary
                                                          5.320000  n
awready_reg               DFFR_X1         NangateOpenCellLibrary
                                                          5.320000  n
b_wr_addr_reg[0]          DFFR_X1         NangateOpenCellLibrary
                                                          5.320000  n
b_wr_addr_reg[1]          DFFR_X1         NangateOpenCellLibrary
                                                          5.320000  n
b_wr_addr_reg[2]          DFFR_X1         NangateOpenCellLibrary
                                                          5.320000  n
b_wr_addr_reg[3]          DFFR_X1         NangateOpenCellLibrary
                                                          5.320000  n
b_wr_addr_reg[4]          DFFR_X1         NangateOpenCellLibrary
                                                          5.320000  n
b_wr_addr_reg[5]          DFFR_X1         NangateOpenCellLibrary
                                                          5.320000  n
b_wr_data_reg[0]          DFFR_X1         NangateOpenCellLibrary
                                                          5.320000  n
b_wr_data_reg[1]          DFFR_X1         NangateOpenCellLibrary
                                                          5.320000  n
b_wr_data_reg[2]          DFFR_X1         NangateOpenCellLibrary
                                                          5.320000  n
b_wr_data_reg[3]          DFFR_X1         NangateOpenCellLibrary
                                                          5.320000  n
b_wr_data_reg[4]          DFFR_X1         NangateOpenCellLibrary
                                                          5.320000  n
b_wr_data_reg[5]          DFFR_X1         NangateOpenCellLibrary
                                                          5.320000  n
b_wr_data_reg[6]          DFFR_X1         NangateOpenCellLibrary
                                                          5.320000  n
b_wr_data_reg[7]          DFFR_X1         NangateOpenCellLibrary
                                                          5.320000  n
b_wr_en_reg               DFFR_X1         NangateOpenCellLibrary
                                                          5.320000  n
bvalid_reg                DFFR_X1         NangateOpenCellLibrary
                                                          5.320000  n
intadd_0/U2               FA_X1           NangateOpenCellLibrary
                                                          4.256000  mo, r
intadd_0/U3               FA_X1           NangateOpenCellLibrary
                                                          4.256000  mo, r
intadd_0/U4               FA_X1           NangateOpenCellLibrary
                                                          4.256000  mo, r
intadd_0/U5               FA_X1           NangateOpenCellLibrary
                                                          4.256000  mo, r
intadd_0/U6               FA_X1           NangateOpenCellLibrary
                                                          4.256000  mo, r
intadd_0/U7               FA_X1           NangateOpenCellLibrary
                                                          4.256000  mo, r
intadd_0/U8               FA_X1           NangateOpenCellLibrary
                                                          4.256000  mo, r
intadd_0/U9               FA_X1           NangateOpenCellLibrary
                                                          4.256000  mo, r
intadd_0/U10              FA_X1           NangateOpenCellLibrary
                                                          4.256000  mo, r
intadd_0/U11              FA_X1           NangateOpenCellLibrary
                                                          4.256000  mo, r
intadd_0/U12              FA_X1           NangateOpenCellLibrary
                                                          4.256000  mo, r
intadd_0/U13              FA_X1           NangateOpenCellLibrary
                                                          4.256000  mo, r
intadd_0/U14              FA_X1           NangateOpenCellLibrary
                                                          4.256000  mo, r
intadd_0/U15              FA_X1           NangateOpenCellLibrary
                                                          4.256000  mo, r
intadd_0/U16              FA_X1           NangateOpenCellLibrary
                                                          4.256000  mo, r
intadd_1/U2               FA_X1           NangateOpenCellLibrary
                                                          4.256000  mo, r
intadd_1/U3               FA_X1           NangateOpenCellLibrary
                                                          4.256000  mo, r
intadd_1/U4               FA_X1           NangateOpenCellLibrary
                                                          4.256000  mo, r
intadd_1/U5               FA_X1           NangateOpenCellLibrary
                                                          4.256000  mo, r
intadd_1/U6               FA_X1           NangateOpenCellLibrary
                                                          4.256000  mo, r
intadd_1/U7               FA_X1           NangateOpenCellLibrary
                                                          4.256000  mo, r
intadd_1/U8               FA_X1           NangateOpenCellLibrary
                                                          4.256000  mo, r
intadd_1/U9               FA_X1           NangateOpenCellLibrary
                                                          4.256000  mo, r
intadd_1/U10              FA_X1           NangateOpenCellLibrary
                                                          4.256000  mo, r
intadd_1/U11              FA_X1           NangateOpenCellLibrary
                                                          4.256000  mo, r
intadd_1/U12              FA_X1           NangateOpenCellLibrary
                                                          4.256000  mo, r
intadd_1/U13              FA_X1           NangateOpenCellLibrary
                                                          4.256000  mo, r
intadd_1/U14              FA_X1           NangateOpenCellLibrary
                                                          4.256000  mo, r
intadd_1/U15              FA_X1           NangateOpenCellLibrary
                                                          4.256000  mo, r
intadd_1/U16              FA_X1           NangateOpenCellLibrary
                                                          4.256000  mo, r
intadd_2/U2               FA_X1           NangateOpenCellLibrary
                                                          4.256000  mo, r
intadd_2/U3               FA_X1           NangateOpenCellLibrary
                                                          4.256000  mo, r
intadd_2/U4               FA_X1           NangateOpenCellLibrary
                                                          4.256000  mo, r
intadd_2/U5               FA_X1           NangateOpenCellLibrary
                                                          4.256000  mo, r
intadd_2/U6               FA_X1           NangateOpenCellLibrary
                                                          4.256000  mo, r
intadd_2/U7               FA_X1           NangateOpenCellLibrary
                                                          4.256000  mo, r
intadd_2/U8               FA_X1           NangateOpenCellLibrary
                                                          4.256000  mo, r
intadd_2/U9               FA_X1           NangateOpenCellLibrary
                                                          4.256000  mo, r
intadd_2/U10              FA_X1           NangateOpenCellLibrary
                                                          4.256000  mo, r
intadd_2/U11              FA_X1           NangateOpenCellLibrary
                                                          4.256000  mo, r
intadd_2/U12              FA_X1           NangateOpenCellLibrary
                                                          4.256000  mo, r
intadd_2/U13              FA_X1           NangateOpenCellLibrary
                                                          4.256000  mo, r
intadd_2/U14              FA_X1           NangateOpenCellLibrary
                                                          4.256000  mo, r
intadd_2/U15              FA_X1           NangateOpenCellLibrary
                                                          4.256000  mo, r
intadd_3/U2               FA_X1           NangateOpenCellLibrary
                                                          4.256000  mo, r
intadd_3/U3               FA_X1           NangateOpenCellLibrary
                                                          4.256000  mo, r
intadd_3/U4               FA_X1           NangateOpenCellLibrary
                                                          4.256000  mo, r
intadd_3/U5               FA_X1           NangateOpenCellLibrary
                                                          4.256000  mo, r
intadd_3/U6               FA_X1           NangateOpenCellLibrary
                                                          4.256000  mo, r
intadd_3/U7               FA_X1           NangateOpenCellLibrary
                                                          4.256000  mo, r
intadd_3/U8               FA_X1           NangateOpenCellLibrary
                                                          4.256000  mo, r
intadd_3/U9               FA_X1           NangateOpenCellLibrary
                                                          4.256000  mo, r
intadd_3/U10              FA_X1           NangateOpenCellLibrary
                                                          4.256000  mo, r
intadd_3/U11              FA_X1           NangateOpenCellLibrary
                                                          4.256000  mo, r
intadd_3/U12              FA_X1           NangateOpenCellLibrary
                                                          4.256000  mo, r
intadd_3/U13              FA_X1           NangateOpenCellLibrary
                                                          4.256000  mo, r
intadd_3/U14              FA_X1           NangateOpenCellLibrary
                                                          4.256000  mo, r
intadd_3/U15              FA_X1           NangateOpenCellLibrary
                                                          4.256000  mo, r
intadd_4/U2               FA_X1           NangateOpenCellLibrary
                                                          4.256000  mo, r
intadd_4/U3               FA_X1           NangateOpenCellLibrary
                                                          4.256000  mo, r
intadd_4/U4               FA_X1           NangateOpenCellLibrary
                                                          4.256000  mo, r
intadd_4/U5               FA_X1           NangateOpenCellLibrary
                                                          4.256000  mo, r
intadd_4/U6               FA_X1           NangateOpenCellLibrary
                                                          4.256000  mo, r
intadd_4/U7               FA_X1           NangateOpenCellLibrary
                                                          4.256000  mo, r
intadd_4/U8               FA_X1           NangateOpenCellLibrary
                                                          4.256000  mo, r
intadd_4/U9               FA_X1           NangateOpenCellLibrary
                                                          4.256000  mo, r
intadd_4/U10              FA_X1           NangateOpenCellLibrary
                                                          4.256000  mo, r
intadd_4/U11              FA_X1           NangateOpenCellLibrary
                                                          4.256000  mo, r
intadd_4/U12              FA_X1           NangateOpenCellLibrary
                                                          4.256000  mo, r
intadd_4/U13              FA_X1           NangateOpenCellLibrary
                                                          4.256000  mo, r
intadd_5/U2               FA_X1           NangateOpenCellLibrary
                                                          4.256000  mo, r
intadd_5/U3               FA_X1           NangateOpenCellLibrary
                                                          4.256000  mo, r
intadd_5/U4               FA_X1           NangateOpenCellLibrary
                                                          4.256000  mo, r
intadd_5/U5               FA_X1           NangateOpenCellLibrary
                                                          4.256000  mo, r
intadd_5/U6               FA_X1           NangateOpenCellLibrary
                                                          4.256000  mo, r
intadd_5/U7               FA_X1           NangateOpenCellLibrary
                                                          4.256000  mo, r
intadd_5/U8               FA_X1           NangateOpenCellLibrary
                                                          4.256000  mo, r
intadd_5/U9               FA_X1           NangateOpenCellLibrary
                                                          4.256000  mo, r
intadd_5/U10              FA_X1           NangateOpenCellLibrary
                                                          4.256000  mo, r
intadd_5/U11              FA_X1           NangateOpenCellLibrary
                                                          4.256000  mo, r
intadd_5/U12              FA_X1           NangateOpenCellLibrary
                                                          4.256000  mo, r
intadd_6/U2               FA_X1           NangateOpenCellLibrary
                                                          4.256000  mo, r
intadd_6/U3               FA_X1           NangateOpenCellLibrary
                                                          4.256000  mo, r
intadd_6/U4               FA_X1           NangateOpenCellLibrary
                                                          4.256000  mo, r
intadd_6/U5               FA_X1           NangateOpenCellLibrary
                                                          4.256000  mo, r
intadd_6/U6               FA_X1           NangateOpenCellLibrary
                                                          4.256000  mo, r
intadd_6/U7               FA_X1           NangateOpenCellLibrary
                                                          4.256000  mo, r
intadd_6/U8               FA_X1           NangateOpenCellLibrary
                                                          4.256000  mo, r
intadd_6/U9               FA_X1           NangateOpenCellLibrary
                                                          4.256000  mo, r
intadd_6/U10              FA_X1           NangateOpenCellLibrary
                                                          4.256000  mo, r
intadd_7/U2               FA_X1           NangateOpenCellLibrary
                                                          4.256000  mo, r
intadd_7/U3               FA_X1           NangateOpenCellLibrary
                                                          4.256000  mo, r
intadd_7/U4               FA_X1           NangateOpenCellLibrary
                                                          4.256000  mo, r
intadd_7/U5               FA_X1           NangateOpenCellLibrary
                                                          4.256000  mo, r
intadd_7/U6               FA_X1           NangateOpenCellLibrary
                                                          4.256000  mo, r
intadd_7/U7               FA_X1           NangateOpenCellLibrary
                                                          4.256000  mo, r
intadd_7/U8               FA_X1           NangateOpenCellLibrary
                                                          4.256000  mo, r
intadd_7/U9               FA_X1           NangateOpenCellLibrary
                                                          4.256000  mo, r
intadd_8/U2               FA_X1           NangateOpenCellLibrary
                                                          4.256000  mo, r
intadd_8/U3               FA_X1           NangateOpenCellLibrary
                                                          4.256000  mo, r
intadd_8/U4               FA_X1           NangateOpenCellLibrary
                                                          4.256000  mo, r
intadd_8/U5               FA_X1           NangateOpenCellLibrary
                                                          4.256000  mo, r
intadd_8/U6               FA_X1           NangateOpenCellLibrary
                                                          4.256000  mo, r
intadd_8/U7               FA_X1           NangateOpenCellLibrary
                                                          4.256000  mo, r
intadd_9/U2               FA_X1           NangateOpenCellLibrary
                                                          4.256000  mo, r
intadd_9/U3               FA_X1           NangateOpenCellLibrary
                                                          4.256000  mo, r
intadd_9/U4               FA_X1           NangateOpenCellLibrary
                                                          4.256000  mo, r
intadd_9/U5               FA_X1           NangateOpenCellLibrary
                                                          4.256000  mo, r
intadd_9/U6               FA_X1           NangateOpenCellLibrary
                                                          4.256000  mo, r
intadd_9/U7               FA_X1           NangateOpenCellLibrary
                                                          4.256000  mo, r
intadd_10/U2              FA_X1           NangateOpenCellLibrary
                                                          4.256000  mo, r
intadd_10/U3              FA_X1           NangateOpenCellLibrary
                                                          4.256000  mo, r
intadd_10/U4              FA_X1           NangateOpenCellLibrary
                                                          4.256000  mo, r
intadd_10/U5              FA_X1           NangateOpenCellLibrary
                                                          4.256000  mo, r
intadd_10/U6              FA_X1           NangateOpenCellLibrary
                                                          4.256000  mo, r
intadd_10/U7              FA_X1           NangateOpenCellLibrary
                                                          4.256000  mo, r
intadd_11/U2              FA_X1           NangateOpenCellLibrary
                                                          4.256000  mo, r
intadd_11/U3              FA_X1           NangateOpenCellLibrary
                                                          4.256000  mo, r
intadd_11/U4              FA_X1           NangateOpenCellLibrary
                                                          4.256000  mo, r
intadd_11/U5              FA_X1           NangateOpenCellLibrary
                                                          4.256000  mo, r
intadd_11/U6              FA_X1           NangateOpenCellLibrary
                                                          4.256000  mo, r
intadd_11/U7              FA_X1           NangateOpenCellLibrary
                                                          4.256000  mo, r
intadd_12/U2              FA_X1           NangateOpenCellLibrary
                                                          4.256000  mo, r
intadd_12/U3              FA_X1           NangateOpenCellLibrary
                                                          4.256000  mo, r
intadd_12/U4              FA_X1           NangateOpenCellLibrary
                                                          4.256000  mo, r
intadd_12/U5              FA_X1           NangateOpenCellLibrary
                                                          4.256000  mo, r
intadd_12/U6              FA_X1           NangateOpenCellLibrary
                                                          4.256000  mo, r
intadd_12/U7              FA_X1           NangateOpenCellLibrary
                                                          4.256000  mo, r
intadd_13/U2              FA_X1           NangateOpenCellLibrary
                                                          4.256000  mo, r
intadd_13/U3              FA_X1           NangateOpenCellLibrary
                                                          4.256000  mo, r
intadd_13/U4              FA_X1           NangateOpenCellLibrary
                                                          4.256000  mo, r
intadd_13/U5              FA_X1           NangateOpenCellLibrary
                                                          4.256000  mo, r
intadd_13/U6              FA_X1           NangateOpenCellLibrary
                                                          4.256000  mo, r
intadd_14/U2              FA_X1           NangateOpenCellLibrary
                                                          4.256000  mo, r
intadd_14/U3              FA_X1           NangateOpenCellLibrary
                                                          4.256000  mo, r
intadd_14/U4              FA_X1           NangateOpenCellLibrary
                                                          4.256000  mo, r
intadd_14/U5              FA_X1           NangateOpenCellLibrary
                                                          4.256000  mo, r
intadd_14/U6              FA_X1           NangateOpenCellLibrary
                                                          4.256000  mo, r
intadd_15/U2              FA_X1           NangateOpenCellLibrary
                                                          4.256000  mo, r
intadd_15/U3              FA_X1           NangateOpenCellLibrary
                                                          4.256000  mo, r
intadd_15/U4              FA_X1           NangateOpenCellLibrary
                                                          4.256000  mo, r
intadd_15/U5              FA_X1           NangateOpenCellLibrary
                                                          4.256000  mo, r
intadd_15/U6              FA_X1           NangateOpenCellLibrary
                                                          4.256000  mo, r
intadd_16/U2              FA_X1           NangateOpenCellLibrary
                                                          4.256000  mo, r
intadd_16/U3              FA_X1           NangateOpenCellLibrary
                                                          4.256000  mo, r
intadd_16/U4              FA_X1           NangateOpenCellLibrary
                                                          4.256000  mo, r
intadd_16/U5              FA_X1           NangateOpenCellLibrary
                                                          4.256000  mo, r
intadd_16/U6              FA_X1           NangateOpenCellLibrary
                                                          4.256000  mo, r
intadd_17/U2              FA_X1           NangateOpenCellLibrary
                                                          4.256000  mo, r
intadd_17/U3              FA_X1           NangateOpenCellLibrary
                                                          4.256000  mo, r
intadd_17/U4              FA_X1           NangateOpenCellLibrary
                                                          4.256000  mo, r
intadd_17/U5              FA_X1           NangateOpenCellLibrary
                                                          4.256000  mo, r
intadd_18/U2              FA_X1           NangateOpenCellLibrary
                                                          4.256000  mo, r
intadd_18/U3              FA_X1           NangateOpenCellLibrary
                                                          4.256000  mo, r
intadd_18/U4              FA_X1           NangateOpenCellLibrary
                                                          4.256000  mo, r
intadd_18/U5              FA_X1           NangateOpenCellLibrary
                                                          4.256000  mo, r
intadd_19/U2              FA_X1           NangateOpenCellLibrary
                                                          4.256000  mo, r
intadd_19/U3              FA_X1           NangateOpenCellLibrary
                                                          4.256000  mo, r
intadd_19/U4              FA_X1           NangateOpenCellLibrary
                                                          4.256000  mo, r
intadd_19/U5              FA_X1           NangateOpenCellLibrary
                                                          4.256000  mo, r
intadd_20/U2              FA_X1           NangateOpenCellLibrary
                                                          4.256000  mo, r
intadd_20/U3              FA_X1           NangateOpenCellLibrary
                                                          4.256000  mo, r
intadd_20/U4              FA_X1           NangateOpenCellLibrary
                                                          4.256000  mo, r
intadd_20/U5              FA_X1           NangateOpenCellLibrary
                                                          4.256000  mo, r
intadd_21/U2              FA_X1           NangateOpenCellLibrary
                                                          4.256000  mo, r
intadd_21/U3              FA_X1           NangateOpenCellLibrary
                                                          4.256000  mo, r
intadd_21/U4              FA_X1           NangateOpenCellLibrary
                                                          4.256000  mo, r
intadd_21/U5              FA_X1           NangateOpenCellLibrary
                                                          4.256000  mo, r
intadd_22/U2              FA_X1           NangateOpenCellLibrary
                                                          4.256000  mo, r
intadd_22/U3              FA_X1           NangateOpenCellLibrary
                                                          4.256000  mo, r
intadd_22/U4              FA_X1           NangateOpenCellLibrary
                                                          4.256000  mo, r
intadd_22/U5              FA_X1           NangateOpenCellLibrary
                                                          4.256000  mo, r
intadd_23/U2              FA_X1           NangateOpenCellLibrary
                                                          4.256000  mo, r
intadd_23/U3              FA_X1           NangateOpenCellLibrary
                                                          4.256000  mo, r
intadd_23/U4              FA_X1           NangateOpenCellLibrary
                                                          4.256000  mo, r
intadd_24/U2              FA_X1           NangateOpenCellLibrary
                                                          4.256000  mo, r
intadd_24/U3              FA_X1           NangateOpenCellLibrary
                                                          4.256000  mo, r
intadd_24/U4              FA_X1           NangateOpenCellLibrary
                                                          4.256000  mo, r
intadd_25/U2              FA_X1           NangateOpenCellLibrary
                                                          4.256000  mo, r
intadd_25/U3              FA_X1           NangateOpenCellLibrary
                                                          4.256000  mo, r
intadd_25/U4              FA_X1           NangateOpenCellLibrary
                                                          4.256000  mo, r
intadd_26/U2              FA_X1           NangateOpenCellLibrary
                                                          4.256000  mo, r
intadd_26/U3              FA_X1           NangateOpenCellLibrary
                                                          4.256000  mo, r
intadd_26/U4              FA_X1           NangateOpenCellLibrary
                                                          4.256000  mo, r
intadd_27/U2              FA_X1           NangateOpenCellLibrary
                                                          4.256000  mo, r
intadd_27/U3              FA_X1           NangateOpenCellLibrary
                                                          4.256000  mo, r
intadd_27/U4              FA_X1           NangateOpenCellLibrary
                                                          4.256000  mo, r
intadd_28/U2              FA_X1           NangateOpenCellLibrary
                                                          4.256000  mo, r
intadd_28/U3              FA_X1           NangateOpenCellLibrary
                                                          4.256000  mo, r
intadd_28/U4              FA_X1           NangateOpenCellLibrary
                                                          4.256000  mo, r
intadd_29/U2              FA_X1           NangateOpenCellLibrary
                                                          4.256000  mo, r
intadd_29/U3              FA_X1           NangateOpenCellLibrary
                                                          4.256000  mo, r
intadd_29/U4              FA_X1           NangateOpenCellLibrary
                                                          4.256000  mo, r
intadd_30/U2              FA_X1           NangateOpenCellLibrary
                                                          4.256000  mo, r
intadd_30/U3              FA_X1           NangateOpenCellLibrary
                                                          4.256000  mo, r
intadd_30/U4              FA_X1           NangateOpenCellLibrary
                                                          4.256000  mo, r
intadd_31/U2              FA_X1           NangateOpenCellLibrary
                                                          4.256000  mo, r
intadd_31/U3              FA_X1           NangateOpenCellLibrary
                                                          4.256000  mo, r
intadd_31/U4              FA_X1           NangateOpenCellLibrary
                                                          4.256000  mo, r
intadd_32/U2              FA_X1           NangateOpenCellLibrary
                                                          4.256000  mo, r
intadd_32/U3              FA_X1           NangateOpenCellLibrary
                                                          4.256000  mo, r
intadd_32/U4              FA_X1           NangateOpenCellLibrary
                                                          4.256000  mo, r
intadd_33/U2              FA_X1           NangateOpenCellLibrary
                                                          4.256000  mo, r
intadd_33/U3              FA_X1           NangateOpenCellLibrary
                                                          4.256000  mo, r
intadd_33/U4              FA_X1           NangateOpenCellLibrary
                                                          4.256000  mo, r
intadd_34/U2              FA_X1           NangateOpenCellLibrary
                                                          4.256000  mo, r
intadd_34/U3              FA_X1           NangateOpenCellLibrary
                                                          4.256000  mo, r
intadd_34/U4              FA_X1           NangateOpenCellLibrary
                                                          4.256000  mo, r
intadd_35/U2              FA_X1           NangateOpenCellLibrary
                                                          4.256000  mo, r
intadd_35/U3              FA_X1           NangateOpenCellLibrary
                                                          4.256000  mo, r
intadd_35/U4              FA_X1           NangateOpenCellLibrary
                                                          4.256000  mo, r
intadd_36/U2              FA_X1           NangateOpenCellLibrary
                                                          4.256000  mo, r
intadd_36/U3              FA_X1           NangateOpenCellLibrary
                                                          4.256000  mo, r
intadd_36/U4              FA_X1           NangateOpenCellLibrary
                                                          4.256000  mo, r
intadd_37/U2              FA_X1           NangateOpenCellLibrary
                                                          4.256000  mo, r
intadd_37/U3              FA_X1           NangateOpenCellLibrary
                                                          4.256000  mo, r
intadd_37/U4              FA_X1           NangateOpenCellLibrary
                                                          4.256000  mo, r
intadd_38/U2              FA_X1           NangateOpenCellLibrary
                                                          4.256000  mo, r
intadd_38/U3              FA_X1           NangateOpenCellLibrary
                                                          4.256000  mo, r
intadd_38/U4              FA_X1           NangateOpenCellLibrary
                                                          4.256000  mo, r
intadd_39/U2              FA_X1           NangateOpenCellLibrary
                                                          4.256000  mo, r
intadd_39/U3              FA_X1           NangateOpenCellLibrary
                                                          4.256000  mo, r
intadd_39/U4              FA_X1           NangateOpenCellLibrary
                                                          4.256000  mo, r
intadd_40/U2              FA_X1           NangateOpenCellLibrary
                                                          4.256000  mo, r
intadd_40/U3              FA_X1           NangateOpenCellLibrary
                                                          4.256000  mo, r
intadd_40/U4              FA_X1           NangateOpenCellLibrary
                                                          4.256000  mo, r
intadd_41/U2              FA_X1           NangateOpenCellLibrary
                                                          4.256000  mo, r
intadd_41/U3              FA_X1           NangateOpenCellLibrary
                                                          4.256000  mo, r
intadd_41/U4              FA_X1           NangateOpenCellLibrary
                                                          4.256000  mo, r
intadd_42/U2              FA_X1           NangateOpenCellLibrary
                                                          4.256000  mo, r
intadd_42/U3              FA_X1           NangateOpenCellLibrary
                                                          4.256000  mo, r
intadd_42/U4              FA_X1           NangateOpenCellLibrary
                                                          4.256000  mo, r
intadd_43/U2              FA_X1           NangateOpenCellLibrary
                                                          4.256000  mo, r
intadd_43/U3              FA_X1           NangateOpenCellLibrary
                                                          4.256000  mo, r
intadd_43/U4              FA_X1           NangateOpenCellLibrary
                                                          4.256000  mo, r
intadd_44/U2              FA_X1           NangateOpenCellLibrary
                                                          4.256000  mo, r
intadd_44/U3              FA_X1           NangateOpenCellLibrary
                                                          4.256000  mo, r
intadd_44/U4              FA_X1           NangateOpenCellLibrary
                                                          4.256000  mo, r
intadd_45/U2              FA_X1           NangateOpenCellLibrary
                                                          4.256000  mo, r
intadd_45/U3              FA_X1           NangateOpenCellLibrary
                                                          4.256000  mo, r
intadd_45/U4              FA_X1           NangateOpenCellLibrary
                                                          4.256000  mo, r
intadd_46/U2              FA_X1           NangateOpenCellLibrary
                                                          4.256000  mo, r
intadd_46/U3              FA_X1           NangateOpenCellLibrary
                                                          4.256000  mo, r
intadd_46/U4              FA_X1           NangateOpenCellLibrary
                                                          4.256000  mo, r
intadd_47/U2              FA_X1           NangateOpenCellLibrary
                                                          4.256000  mo, r
intadd_47/U3              FA_X1           NangateOpenCellLibrary
                                                          4.256000  mo, r
intadd_47/U4              FA_X1           NangateOpenCellLibrary
                                                          4.256000  mo, r
intadd_48/U2              FA_X1           NangateOpenCellLibrary
                                                          4.256000  mo, r
intadd_48/U3              FA_X1           NangateOpenCellLibrary
                                                          4.256000  mo, r
intadd_48/U4              FA_X1           NangateOpenCellLibrary
                                                          4.256000  mo, r
intadd_49/U2              FA_X1           NangateOpenCellLibrary
                                                          4.256000  mo, r
intadd_49/U3              FA_X1           NangateOpenCellLibrary
                                                          4.256000  mo, r
intadd_49/U4              FA_X1           NangateOpenCellLibrary
                                                          4.256000  mo, r
intadd_50/U2              FA_X1           NangateOpenCellLibrary
                                                          4.256000  mo, r
intadd_50/U3              FA_X1           NangateOpenCellLibrary
                                                          4.256000  mo, r
intadd_50/U4              FA_X1           NangateOpenCellLibrary
                                                          4.256000  mo, r
intadd_51/U2              FA_X1           NangateOpenCellLibrary
                                                          4.256000  mo, r
intadd_51/U3              FA_X1           NangateOpenCellLibrary
                                                          4.256000  mo, r
intadd_51/U4              FA_X1           NangateOpenCellLibrary
                                                          4.256000  mo, r
intadd_52/U2              FA_X1           NangateOpenCellLibrary
                                                          4.256000  mo, r
intadd_52/U3              FA_X1           NangateOpenCellLibrary
                                                          4.256000  mo, r
intadd_52/U4              FA_X1           NangateOpenCellLibrary
                                                          4.256000  mo, r
intadd_53/U2              FA_X1           NangateOpenCellLibrary
                                                          4.256000  mo, r
intadd_53/U3              FA_X1           NangateOpenCellLibrary
                                                          4.256000  mo, r
intadd_53/U4              FA_X1           NangateOpenCellLibrary
                                                          4.256000  mo, r
intadd_54/U2              FA_X1           NangateOpenCellLibrary
                                                          4.256000  mo, r
intadd_54/U3              FA_X1           NangateOpenCellLibrary
                                                          4.256000  mo, r
intadd_54/U4              FA_X1           NangateOpenCellLibrary
                                                          4.256000  mo, r
intadd_55/U2              FA_X1           NangateOpenCellLibrary
                                                          4.256000  mo, r
intadd_55/U3              FA_X1           NangateOpenCellLibrary
                                                          4.256000  mo, r
intadd_55/U4              FA_X1           NangateOpenCellLibrary
                                                          4.256000  mo, r
intadd_56/U2              FA_X1           NangateOpenCellLibrary
                                                          4.256000  mo, r
intadd_56/U3              FA_X1           NangateOpenCellLibrary
                                                          4.256000  mo, r
intadd_56/U4              FA_X1           NangateOpenCellLibrary
                                                          4.256000  mo, r
intadd_57/U2              FA_X1           NangateOpenCellLibrary
                                                          4.256000  mo, r
intadd_57/U3              FA_X1           NangateOpenCellLibrary
                                                          4.256000  mo, r
intadd_57/U4              FA_X1           NangateOpenCellLibrary
                                                          4.256000  mo, r
rdata_reg[0]              DFFR_X1         NangateOpenCellLibrary
                                                          5.320000  n
rdata_reg[1]              DFFR_X1         NangateOpenCellLibrary
                                                          5.320000  n
rdata_reg[2]              DFFR_X1         NangateOpenCellLibrary
                                                          5.320000  n
rdata_reg[3]              DFFR_X1         NangateOpenCellLibrary
                                                          5.320000  n
rdata_reg[4]              DFFR_X1         NangateOpenCellLibrary
                                                          5.320000  n
rdata_reg[5]              DFFR_X1         NangateOpenCellLibrary
                                                          5.320000  n
rdata_reg[6]              DFFR_X1         NangateOpenCellLibrary
                                                          5.320000  n
rdata_reg[7]              DFFR_X1         NangateOpenCellLibrary
                                                          5.320000  n
rdata_reg[8]              DFFR_X1         NangateOpenCellLibrary
                                                          5.320000  n
rdata_reg[9]              DFFR_X1         NangateOpenCellLibrary
                                                          5.320000  n
rdata_reg[10]             DFFR_X1         NangateOpenCellLibrary
                                                          5.320000  n
rdata_reg[11]             DFFR_X1         NangateOpenCellLibrary
                                                          5.320000  n
rdata_reg[12]             DFFR_X1         NangateOpenCellLibrary
                                                          5.320000  n
rdata_reg[13]             DFFR_X1         NangateOpenCellLibrary
                                                          5.320000  n
rdata_reg[14]             DFFR_X1         NangateOpenCellLibrary
                                                          5.320000  n
rdata_reg[15]             DFFR_X1         NangateOpenCellLibrary
                                                          5.320000  n
rdata_reg[16]             DFFR_X1         NangateOpenCellLibrary
                                                          5.320000  n
rdata_reg[17]             DFFR_X1         NangateOpenCellLibrary
                                                          5.320000  n
rdata_reg[18]             DFFR_X1         NangateOpenCellLibrary
                                                          5.320000  n
rdata_reg[19]             DFFR_X1         NangateOpenCellLibrary
                                                          5.320000  n
rdata_reg[20]             DFFR_X1         NangateOpenCellLibrary
                                                          5.320000  n
rdata_reg[21]             DFFR_X1         NangateOpenCellLibrary
                                                          5.320000  n
rdata_reg[22]             DFFR_X1         NangateOpenCellLibrary
                                                          5.320000  n
rdata_reg[23]             DFFR_X1         NangateOpenCellLibrary
                                                          5.320000  n
rdata_reg[24]             DFFR_X1         NangateOpenCellLibrary
                                                          5.320000  n
rdata_reg[25]             DFFR_X1         NangateOpenCellLibrary
                                                          5.320000  n
rdata_reg[26]             DFFR_X1         NangateOpenCellLibrary
                                                          5.320000  n
rdata_reg[27]             DFFR_X1         NangateOpenCellLibrary
                                                          5.320000  n
rdata_reg[28]             DFFR_X1         NangateOpenCellLibrary
                                                          5.320000  n
rdata_reg[29]             DFFR_X1         NangateOpenCellLibrary
                                                          5.320000  n
rdata_reg[30]             DFFR_X1         NangateOpenCellLibrary
                                                          5.320000  n
rdata_reg[31]             DFFR_X1         NangateOpenCellLibrary
                                                          5.320000  n
rvalid_reg                DFFR_X1         NangateOpenCellLibrary
                                                          5.320000  n
start_reg_reg             DFFR_X1         NangateOpenCellLibrary
                                                          5.320000  n
u_gemm/u_ctrl/busy_reg    DFFR_X1         NangateOpenCellLibrary
                                                          5.320000  n
u_gemm/u_ctrl/c_addr_reg[0]
                          DFFR_X1         NangateOpenCellLibrary
                                                          5.320000  n
u_gemm/u_ctrl/c_addr_reg[1]
                          DFFR_X1         NangateOpenCellLibrary
                                                          5.320000  n
u_gemm/u_ctrl/c_addr_reg[2]
                          DFFR_X1         NangateOpenCellLibrary
                                                          5.320000  n
u_gemm/u_ctrl/c_addr_reg[3]
                          DFFR_X1         NangateOpenCellLibrary
                                                          5.320000  n
u_gemm/u_ctrl/c_wr_en_reg DFFR_X1         NangateOpenCellLibrary
                                                          5.320000  n
u_gemm/u_ctrl/cnt_reg[0]  DFFR_X1         NangateOpenCellLibrary
                                                          5.320000  n
u_gemm/u_ctrl/cnt_reg[1]  DFFR_X1         NangateOpenCellLibrary
                                                          5.320000  n
u_gemm/u_ctrl/cnt_reg[2]  DFFR_X1         NangateOpenCellLibrary
                                                          5.320000  n
u_gemm/u_ctrl/cnt_reg[3]  DFFR_X1         NangateOpenCellLibrary
                                                          5.320000  n
u_gemm/u_ctrl/done_reg    DFFR_X1         NangateOpenCellLibrary
                                                          5.320000  n
u_gemm/u_ctrl/k_idx_reg[0]
                          DFFR_X1         NangateOpenCellLibrary
                                                          5.320000  n
u_gemm/u_ctrl/k_idx_reg[1]
                          DFFR_X1         NangateOpenCellLibrary
                                                          5.320000  n
u_gemm/u_ctrl/k_idx_reg[2]
                          DFFR_X1         NangateOpenCellLibrary
                                                          5.320000  n
u_gemm/u_ctrl/pe_en_reg   DFFR_X1         NangateOpenCellLibrary
                                                          5.320000  n
u_gemm/u_ctrl/pe_load_reg DFFR_X1         NangateOpenCellLibrary
                                                          5.320000  n
u_gemm/u_ctrl/state_reg[0]
                          DFFR_X1         NangateOpenCellLibrary
                                                          5.320000  n
u_gemm/u_ctrl/state_reg[1]
                          DFFR_X1         NangateOpenCellLibrary
                                                          5.320000  n
u_gemm/u_ctrl/state_reg[2]
                          DFFR_X1         NangateOpenCellLibrary
                                                          5.320000  n
u_gemm/u_mem              gemm_mem                        7445.073893
                                                                    h, n
u_gemm/u_pe_array/row[0].col[0].u_pe/acc_reg_reg[0]
                          DFFR_X1         NangateOpenCellLibrary
                                                          5.320000  n
u_gemm/u_pe_array/row[0].col[0].u_pe/acc_reg_reg[1]
                          DFFR_X1         NangateOpenCellLibrary
                                                          5.320000  n
u_gemm/u_pe_array/row[0].col[0].u_pe/acc_reg_reg[2]
                          DFFR_X1         NangateOpenCellLibrary
                                                          5.320000  n
u_gemm/u_pe_array/row[0].col[0].u_pe/acc_reg_reg[3]
                          DFFR_X1         NangateOpenCellLibrary
                                                          5.320000  n
u_gemm/u_pe_array/row[0].col[0].u_pe/acc_reg_reg[4]
                          DFFR_X1         NangateOpenCellLibrary
                                                          5.320000  n
u_gemm/u_pe_array/row[0].col[0].u_pe/acc_reg_reg[5]
                          DFFR_X1         NangateOpenCellLibrary
                                                          5.320000  n
u_gemm/u_pe_array/row[0].col[0].u_pe/acc_reg_reg[6]
                          DFFR_X1         NangateOpenCellLibrary
                                                          5.320000  n
u_gemm/u_pe_array/row[0].col[0].u_pe/acc_reg_reg[7]
                          DFFR_X1         NangateOpenCellLibrary
                                                          5.320000  n
u_gemm/u_pe_array/row[0].col[0].u_pe/acc_reg_reg[8]
                          DFFR_X1         NangateOpenCellLibrary
                                                          5.320000  n
u_gemm/u_pe_array/row[0].col[0].u_pe/acc_reg_reg[9]
                          DFFR_X1         NangateOpenCellLibrary
                                                          5.320000  n
u_gemm/u_pe_array/row[0].col[0].u_pe/acc_reg_reg[10]
                          DFFR_X1         NangateOpenCellLibrary
                                                          5.320000  n
u_gemm/u_pe_array/row[0].col[0].u_pe/acc_reg_reg[11]
                          DFFR_X1         NangateOpenCellLibrary
                                                          5.320000  n
u_gemm/u_pe_array/row[0].col[0].u_pe/acc_reg_reg[12]
                          DFFR_X1         NangateOpenCellLibrary
                                                          5.320000  n
u_gemm/u_pe_array/row[0].col[0].u_pe/acc_reg_reg[13]
                          DFFR_X1         NangateOpenCellLibrary
                                                          5.320000  n
u_gemm/u_pe_array/row[0].col[0].u_pe/acc_reg_reg[14]
                          DFFR_X1         NangateOpenCellLibrary
                                                          5.320000  n
u_gemm/u_pe_array/row[0].col[0].u_pe/acc_reg_reg[15]
                          DFFR_X1         NangateOpenCellLibrary
                                                          5.320000  n
u_gemm/u_pe_array/row[0].col[0].u_pe/acc_reg_reg[16]
                          DFFR_X1         NangateOpenCellLibrary
                                                          5.320000  n
u_gemm/u_pe_array/row[0].col[0].u_pe/acc_reg_reg[17]
                          DFFR_X1         NangateOpenCellLibrary
                                                          5.320000  n
u_gemm/u_pe_array/row[0].col[0].u_pe/acc_reg_reg[18]
                          DFFR_X1         NangateOpenCellLibrary
                                                          5.320000  n
u_gemm/u_pe_array/row[0].col[0].u_pe/acc_reg_reg[19]
                          DFFR_X1         NangateOpenCellLibrary
                                                          5.320000  n
u_gemm/u_pe_array/row[0].col[0].u_pe/acc_reg_reg[20]
                          DFFR_X1         NangateOpenCellLibrary
                                                          5.320000  n
u_gemm/u_pe_array/row[0].col[0].u_pe/acc_reg_reg[21]
                          DFFR_X1         NangateOpenCellLibrary
                                                          5.320000  n
u_gemm/u_pe_array/row[0].col[0].u_pe/acc_reg_reg[22]
                          DFFR_X1         NangateOpenCellLibrary
                                                          5.320000  n
u_gemm/u_pe_array/row[0].col[0].u_pe/acc_reg_reg[23]
                          DFFR_X1         NangateOpenCellLibrary
                                                          5.320000  n
u_gemm/u_pe_array/row[0].col[0].u_pe/acc_reg_reg[24]
                          DFFR_X1         NangateOpenCellLibrary
                                                          5.320000  n
u_gemm/u_pe_array/row[0].col[0].u_pe/acc_reg_reg[25]
                          DFFR_X1         NangateOpenCellLibrary
                                                          5.320000  n
u_gemm/u_pe_array/row[0].col[0].u_pe/acc_reg_reg[26]
                          DFFR_X1         NangateOpenCellLibrary
                                                          5.320000  n
u_gemm/u_pe_array/row[0].col[0].u_pe/acc_reg_reg[27]
                          DFFR_X1         NangateOpenCellLibrary
                                                          5.320000  n
u_gemm/u_pe_array/row[0].col[0].u_pe/acc_reg_reg[28]
                          DFFR_X1         NangateOpenCellLibrary
                                                          5.320000  n
u_gemm/u_pe_array/row[0].col[0].u_pe/acc_reg_reg[29]
                          DFFR_X1         NangateOpenCellLibrary
                                                          5.320000  n
u_gemm/u_pe_array/row[0].col[0].u_pe/acc_reg_reg[30]
                          DFFR_X1         NangateOpenCellLibrary
                                                          5.320000  n
u_gemm/u_pe_array/row[0].col[0].u_pe/acc_reg_reg[31]
                          DFFR_X1         NangateOpenCellLibrary
                                                          5.320000  n
u_gemm/u_pe_array/row[0].col[1].u_pe/acc_reg_reg[0]
                          DFFR_X1         NangateOpenCellLibrary
                                                          5.320000  n
u_gemm/u_pe_array/row[0].col[1].u_pe/acc_reg_reg[1]
                          DFFR_X1         NangateOpenCellLibrary
                                                          5.320000  n
u_gemm/u_pe_array/row[0].col[1].u_pe/acc_reg_reg[2]
                          DFFR_X1         NangateOpenCellLibrary
                                                          5.320000  n
u_gemm/u_pe_array/row[0].col[1].u_pe/acc_reg_reg[3]
                          DFFR_X1         NangateOpenCellLibrary
                                                          5.320000  n
u_gemm/u_pe_array/row[0].col[1].u_pe/acc_reg_reg[4]
                          DFFR_X1         NangateOpenCellLibrary
                                                          5.320000  n
u_gemm/u_pe_array/row[0].col[1].u_pe/acc_reg_reg[5]
                          DFFR_X1         NangateOpenCellLibrary
                                                          5.320000  n
u_gemm/u_pe_array/row[0].col[1].u_pe/acc_reg_reg[6]
                          DFFR_X1         NangateOpenCellLibrary
                                                          5.320000  n
u_gemm/u_pe_array/row[0].col[1].u_pe/acc_reg_reg[7]
                          DFFR_X1         NangateOpenCellLibrary
                                                          5.320000  n
u_gemm/u_pe_array/row[0].col[1].u_pe/acc_reg_reg[8]
                          DFFR_X1         NangateOpenCellLibrary
                                                          5.320000  n
u_gemm/u_pe_array/row[0].col[1].u_pe/acc_reg_reg[9]
                          DFFR_X1         NangateOpenCellLibrary
                                                          5.320000  n
u_gemm/u_pe_array/row[0].col[1].u_pe/acc_reg_reg[10]
                          DFFR_X1         NangateOpenCellLibrary
                                                          5.320000  n
u_gemm/u_pe_array/row[0].col[1].u_pe/acc_reg_reg[11]
                          DFFR_X1         NangateOpenCellLibrary
                                                          5.320000  n
u_gemm/u_pe_array/row[0].col[1].u_pe/acc_reg_reg[12]
                          DFFR_X1         NangateOpenCellLibrary
                                                          5.320000  n
u_gemm/u_pe_array/row[0].col[1].u_pe/acc_reg_reg[13]
                          DFFR_X1         NangateOpenCellLibrary
                                                          5.320000  n
u_gemm/u_pe_array/row[0].col[1].u_pe/acc_reg_reg[14]
                          DFFR_X1         NangateOpenCellLibrary
                                                          5.320000  n
u_gemm/u_pe_array/row[0].col[1].u_pe/acc_reg_reg[15]
                          DFFR_X1         NangateOpenCellLibrary
                                                          5.320000  n
u_gemm/u_pe_array/row[0].col[1].u_pe/acc_reg_reg[16]
                          DFFR_X1         NangateOpenCellLibrary
                                                          5.320000  n
u_gemm/u_pe_array/row[0].col[1].u_pe/acc_reg_reg[17]
                          DFFR_X1         NangateOpenCellLibrary
                                                          5.320000  n
u_gemm/u_pe_array/row[0].col[1].u_pe/acc_reg_reg[18]
                          DFFR_X1         NangateOpenCellLibrary
                                                          5.320000  n
u_gemm/u_pe_array/row[0].col[1].u_pe/acc_reg_reg[19]
                          DFFR_X1         NangateOpenCellLibrary
                                                          5.320000  n
u_gemm/u_pe_array/row[0].col[1].u_pe/acc_reg_reg[20]
                          DFFR_X1         NangateOpenCellLibrary
                                                          5.320000  n
u_gemm/u_pe_array/row[0].col[1].u_pe/acc_reg_reg[21]
                          DFFR_X1         NangateOpenCellLibrary
                                                          5.320000  n
u_gemm/u_pe_array/row[0].col[1].u_pe/acc_reg_reg[22]
                          DFFR_X1         NangateOpenCellLibrary
                                                          5.320000  n
u_gemm/u_pe_array/row[0].col[1].u_pe/acc_reg_reg[23]
                          DFFR_X1         NangateOpenCellLibrary
                                                          5.320000  n
u_gemm/u_pe_array/row[0].col[1].u_pe/acc_reg_reg[24]
                          DFFR_X1         NangateOpenCellLibrary
                                                          5.320000  n
u_gemm/u_pe_array/row[0].col[1].u_pe/acc_reg_reg[25]
                          DFFR_X1         NangateOpenCellLibrary
                                                          5.320000  n
u_gemm/u_pe_array/row[0].col[1].u_pe/acc_reg_reg[26]
                          DFFR_X1         NangateOpenCellLibrary
                                                          5.320000  n
u_gemm/u_pe_array/row[0].col[1].u_pe/acc_reg_reg[27]
                          DFFR_X1         NangateOpenCellLibrary
                                                          5.320000  n
u_gemm/u_pe_array/row[0].col[1].u_pe/acc_reg_reg[28]
                          DFFR_X1         NangateOpenCellLibrary
                                                          5.320000  n
u_gemm/u_pe_array/row[0].col[1].u_pe/acc_reg_reg[29]
                          DFFR_X1         NangateOpenCellLibrary
                                                          5.320000  n
u_gemm/u_pe_array/row[0].col[1].u_pe/acc_reg_reg[30]
                          DFFR_X1         NangateOpenCellLibrary
                                                          5.320000  n
u_gemm/u_pe_array/row[0].col[1].u_pe/acc_reg_reg[31]
                          DFFR_X1         NangateOpenCellLibrary
                                                          5.320000  n
u_gemm/u_pe_array/row[0].col[2].u_pe/acc_reg_reg[0]
                          DFFR_X1         NangateOpenCellLibrary
                                                          5.320000  n
u_gemm/u_pe_array/row[0].col[2].u_pe/acc_reg_reg[1]
                          DFFR_X1         NangateOpenCellLibrary
                                                          5.320000  n
u_gemm/u_pe_array/row[0].col[2].u_pe/acc_reg_reg[2]
                          DFFR_X1         NangateOpenCellLibrary
                                                          5.320000  n
u_gemm/u_pe_array/row[0].col[2].u_pe/acc_reg_reg[3]
                          DFFR_X1         NangateOpenCellLibrary
                                                          5.320000  n
u_gemm/u_pe_array/row[0].col[2].u_pe/acc_reg_reg[4]
                          DFFR_X1         NangateOpenCellLibrary
                                                          5.320000  n
u_gemm/u_pe_array/row[0].col[2].u_pe/acc_reg_reg[5]
                          DFFR_X1         NangateOpenCellLibrary
                                                          5.320000  n
u_gemm/u_pe_array/row[0].col[2].u_pe/acc_reg_reg[6]
                          DFFR_X1         NangateOpenCellLibrary
                                                          5.320000  n
u_gemm/u_pe_array/row[0].col[2].u_pe/acc_reg_reg[7]
                          DFFR_X1         NangateOpenCellLibrary
                                                          5.320000  n
u_gemm/u_pe_array/row[0].col[2].u_pe/acc_reg_reg[8]
                          DFFR_X1         NangateOpenCellLibrary
                                                          5.320000  n
u_gemm/u_pe_array/row[0].col[2].u_pe/acc_reg_reg[9]
                          DFFR_X1         NangateOpenCellLibrary
                                                          5.320000  n
u_gemm/u_pe_array/row[0].col[2].u_pe/acc_reg_reg[10]
                          DFFR_X1         NangateOpenCellLibrary
                                                          5.320000  n
u_gemm/u_pe_array/row[0].col[2].u_pe/acc_reg_reg[11]
                          DFFR_X1         NangateOpenCellLibrary
                                                          5.320000  n
u_gemm/u_pe_array/row[0].col[2].u_pe/acc_reg_reg[12]
                          DFFR_X1         NangateOpenCellLibrary
                                                          5.320000  n
u_gemm/u_pe_array/row[0].col[2].u_pe/acc_reg_reg[13]
                          DFFR_X1         NangateOpenCellLibrary
                                                          5.320000  n
u_gemm/u_pe_array/row[0].col[2].u_pe/acc_reg_reg[14]
                          DFFR_X1         NangateOpenCellLibrary
                                                          5.320000  n
u_gemm/u_pe_array/row[0].col[2].u_pe/acc_reg_reg[15]
                          DFFR_X1         NangateOpenCellLibrary
                                                          5.320000  n
u_gemm/u_pe_array/row[0].col[2].u_pe/acc_reg_reg[16]
                          DFFR_X1         NangateOpenCellLibrary
                                                          5.320000  n
u_gemm/u_pe_array/row[0].col[2].u_pe/acc_reg_reg[17]
                          DFFR_X1         NangateOpenCellLibrary
                                                          5.320000  n
u_gemm/u_pe_array/row[0].col[2].u_pe/acc_reg_reg[18]
                          DFFR_X1         NangateOpenCellLibrary
                                                          5.320000  n
u_gemm/u_pe_array/row[0].col[2].u_pe/acc_reg_reg[19]
                          DFFR_X1         NangateOpenCellLibrary
                                                          5.320000  n
u_gemm/u_pe_array/row[0].col[2].u_pe/acc_reg_reg[20]
                          DFFR_X1         NangateOpenCellLibrary
                                                          5.320000  n
u_gemm/u_pe_array/row[0].col[2].u_pe/acc_reg_reg[21]
                          DFFR_X1         NangateOpenCellLibrary
                                                          5.320000  n
u_gemm/u_pe_array/row[0].col[2].u_pe/acc_reg_reg[22]
                          DFFR_X1         NangateOpenCellLibrary
                                                          5.320000  n
u_gemm/u_pe_array/row[0].col[2].u_pe/acc_reg_reg[23]
                          DFFR_X1         NangateOpenCellLibrary
                                                          5.320000  n
u_gemm/u_pe_array/row[0].col[2].u_pe/acc_reg_reg[24]
                          DFFR_X1         NangateOpenCellLibrary
                                                          5.320000  n
u_gemm/u_pe_array/row[0].col[2].u_pe/acc_reg_reg[25]
                          DFFR_X1         NangateOpenCellLibrary
                                                          5.320000  n
u_gemm/u_pe_array/row[0].col[2].u_pe/acc_reg_reg[26]
                          DFFR_X1         NangateOpenCellLibrary
                                                          5.320000  n
u_gemm/u_pe_array/row[0].col[2].u_pe/acc_reg_reg[27]
                          DFFR_X1         NangateOpenCellLibrary
                                                          5.320000  n
u_gemm/u_pe_array/row[0].col[2].u_pe/acc_reg_reg[28]
                          DFFR_X1         NangateOpenCellLibrary
                                                          5.320000  n
u_gemm/u_pe_array/row[0].col[2].u_pe/acc_reg_reg[29]
                          DFFR_X1         NangateOpenCellLibrary
                                                          5.320000  n
u_gemm/u_pe_array/row[0].col[2].u_pe/acc_reg_reg[30]
                          DFFR_X1         NangateOpenCellLibrary
                                                          5.320000  n
u_gemm/u_pe_array/row[0].col[2].u_pe/acc_reg_reg[31]
                          DFFR_X1         NangateOpenCellLibrary
                                                          5.320000  n
u_gemm/u_pe_array/row[0].col[3].u_pe/acc_reg_reg[0]
                          DFFR_X1         NangateOpenCellLibrary
                                                          5.320000  n
u_gemm/u_pe_array/row[0].col[3].u_pe/acc_reg_reg[1]
                          DFFR_X1         NangateOpenCellLibrary
                                                          5.320000  n
u_gemm/u_pe_array/row[0].col[3].u_pe/acc_reg_reg[2]
                          DFFR_X1         NangateOpenCellLibrary
                                                          5.320000  n
u_gemm/u_pe_array/row[0].col[3].u_pe/acc_reg_reg[3]
                          DFFR_X1         NangateOpenCellLibrary
                                                          5.320000  n
u_gemm/u_pe_array/row[0].col[3].u_pe/acc_reg_reg[4]
                          DFFR_X1         NangateOpenCellLibrary
                                                          5.320000  n
u_gemm/u_pe_array/row[0].col[3].u_pe/acc_reg_reg[5]
                          DFFR_X1         NangateOpenCellLibrary
                                                          5.320000  n
u_gemm/u_pe_array/row[0].col[3].u_pe/acc_reg_reg[6]
                          DFFR_X1         NangateOpenCellLibrary
                                                          5.320000  n
u_gemm/u_pe_array/row[0].col[3].u_pe/acc_reg_reg[7]
                          DFFR_X1         NangateOpenCellLibrary
                                                          5.320000  n
u_gemm/u_pe_array/row[0].col[3].u_pe/acc_reg_reg[8]
                          DFFR_X1         NangateOpenCellLibrary
                                                          5.320000  n
u_gemm/u_pe_array/row[0].col[3].u_pe/acc_reg_reg[9]
                          DFFR_X1         NangateOpenCellLibrary
                                                          5.320000  n
u_gemm/u_pe_array/row[0].col[3].u_pe/acc_reg_reg[10]
                          DFFR_X1         NangateOpenCellLibrary
                                                          5.320000  n
u_gemm/u_pe_array/row[0].col[3].u_pe/acc_reg_reg[11]
                          DFFR_X1         NangateOpenCellLibrary
                                                          5.320000  n
u_gemm/u_pe_array/row[0].col[3].u_pe/acc_reg_reg[12]
                          DFFR_X1         NangateOpenCellLibrary
                                                          5.320000  n
u_gemm/u_pe_array/row[0].col[3].u_pe/acc_reg_reg[13]
                          DFFR_X1         NangateOpenCellLibrary
                                                          5.320000  n
u_gemm/u_pe_array/row[0].col[3].u_pe/acc_reg_reg[14]
                          DFFR_X1         NangateOpenCellLibrary
                                                          5.320000  n
u_gemm/u_pe_array/row[0].col[3].u_pe/acc_reg_reg[15]
                          DFFR_X1         NangateOpenCellLibrary
                                                          5.320000  n
u_gemm/u_pe_array/row[0].col[3].u_pe/acc_reg_reg[16]
                          DFFR_X1         NangateOpenCellLibrary
                                                          5.320000  n
u_gemm/u_pe_array/row[0].col[3].u_pe/acc_reg_reg[17]
                          DFFR_X1         NangateOpenCellLibrary
                                                          5.320000  n
u_gemm/u_pe_array/row[0].col[3].u_pe/acc_reg_reg[18]
                          DFFR_X1         NangateOpenCellLibrary
                                                          5.320000  n
u_gemm/u_pe_array/row[0].col[3].u_pe/acc_reg_reg[19]
                          DFFR_X1         NangateOpenCellLibrary
                                                          5.320000  n
u_gemm/u_pe_array/row[0].col[3].u_pe/acc_reg_reg[20]
                          DFFR_X1         NangateOpenCellLibrary
                                                          5.320000  n
u_gemm/u_pe_array/row[0].col[3].u_pe/acc_reg_reg[21]
                          DFFR_X1         NangateOpenCellLibrary
                                                          5.320000  n
u_gemm/u_pe_array/row[0].col[3].u_pe/acc_reg_reg[22]
                          DFFR_X1         NangateOpenCellLibrary
                                                          5.320000  n
u_gemm/u_pe_array/row[0].col[3].u_pe/acc_reg_reg[23]
                          DFFR_X1         NangateOpenCellLibrary
                                                          5.320000  n
u_gemm/u_pe_array/row[0].col[3].u_pe/acc_reg_reg[24]
                          DFFR_X1         NangateOpenCellLibrary
                                                          5.320000  n
u_gemm/u_pe_array/row[0].col[3].u_pe/acc_reg_reg[25]
                          DFFR_X1         NangateOpenCellLibrary
                                                          5.320000  n
u_gemm/u_pe_array/row[0].col[3].u_pe/acc_reg_reg[26]
                          DFFR_X1         NangateOpenCellLibrary
                                                          5.320000  n
u_gemm/u_pe_array/row[0].col[3].u_pe/acc_reg_reg[27]
                          DFFR_X1         NangateOpenCellLibrary
                                                          5.320000  n
u_gemm/u_pe_array/row[0].col[3].u_pe/acc_reg_reg[28]
                          DFFR_X1         NangateOpenCellLibrary
                                                          5.320000  n
u_gemm/u_pe_array/row[0].col[3].u_pe/acc_reg_reg[29]
                          DFFR_X1         NangateOpenCellLibrary
                                                          5.320000  n
u_gemm/u_pe_array/row[0].col[3].u_pe/acc_reg_reg[30]
                          DFFR_X1         NangateOpenCellLibrary
                                                          5.320000  n
u_gemm/u_pe_array/row[0].col[3].u_pe/acc_reg_reg[31]
                          DFFR_X1         NangateOpenCellLibrary
                                                          5.320000  n
u_gemm/u_pe_array/row[0].col[4].u_pe/acc_reg_reg[0]
                          DFFR_X1         NangateOpenCellLibrary
                                                          5.320000  n
u_gemm/u_pe_array/row[0].col[4].u_pe/acc_reg_reg[1]
                          DFFR_X1         NangateOpenCellLibrary
                                                          5.320000  n
u_gemm/u_pe_array/row[0].col[4].u_pe/acc_reg_reg[2]
                          DFFR_X1         NangateOpenCellLibrary
                                                          5.320000  n
u_gemm/u_pe_array/row[0].col[4].u_pe/acc_reg_reg[3]
                          DFFR_X1         NangateOpenCellLibrary
                                                          5.320000  n
u_gemm/u_pe_array/row[0].col[4].u_pe/acc_reg_reg[4]
                          DFFR_X1         NangateOpenCellLibrary
                                                          5.320000  n
u_gemm/u_pe_array/row[0].col[4].u_pe/acc_reg_reg[5]
                          DFFR_X1         NangateOpenCellLibrary
                                                          5.320000  n
u_gemm/u_pe_array/row[0].col[4].u_pe/acc_reg_reg[6]
                          DFFR_X1         NangateOpenCellLibrary
                                                          5.320000  n
u_gemm/u_pe_array/row[0].col[4].u_pe/acc_reg_reg[7]
                          DFFR_X1         NangateOpenCellLibrary
                                                          5.320000  n
u_gemm/u_pe_array/row[0].col[4].u_pe/acc_reg_reg[8]
                          DFFR_X1         NangateOpenCellLibrary
                                                          5.320000  n
u_gemm/u_pe_array/row[0].col[4].u_pe/acc_reg_reg[9]
                          DFFR_X1         NangateOpenCellLibrary
                                                          5.320000  n
u_gemm/u_pe_array/row[0].col[4].u_pe/acc_reg_reg[10]
                          DFFR_X1         NangateOpenCellLibrary
                                                          5.320000  n
u_gemm/u_pe_array/row[0].col[4].u_pe/acc_reg_reg[11]
                          DFFR_X1         NangateOpenCellLibrary
                                                          5.320000  n
u_gemm/u_pe_array/row[0].col[4].u_pe/acc_reg_reg[12]
                          DFFR_X1         NangateOpenCellLibrary
                                                          5.320000  n
u_gemm/u_pe_array/row[0].col[4].u_pe/acc_reg_reg[13]
                          DFFR_X1         NangateOpenCellLibrary
                                                          5.320000  n
u_gemm/u_pe_array/row[0].col[4].u_pe/acc_reg_reg[14]
                          DFFR_X1         NangateOpenCellLibrary
                                                          5.320000  n
u_gemm/u_pe_array/row[0].col[4].u_pe/acc_reg_reg[15]
                          DFFR_X1         NangateOpenCellLibrary
                                                          5.320000  n
u_gemm/u_pe_array/row[0].col[4].u_pe/acc_reg_reg[16]
                          DFFR_X1         NangateOpenCellLibrary
                                                          5.320000  n
u_gemm/u_pe_array/row[0].col[4].u_pe/acc_reg_reg[17]
                          DFFR_X1         NangateOpenCellLibrary
                                                          5.320000  n
u_gemm/u_pe_array/row[0].col[4].u_pe/acc_reg_reg[18]
                          DFFR_X1         NangateOpenCellLibrary
                                                          5.320000  n
u_gemm/u_pe_array/row[0].col[4].u_pe/acc_reg_reg[19]
                          DFFR_X1         NangateOpenCellLibrary
                                                          5.320000  n
u_gemm/u_pe_array/row[0].col[4].u_pe/acc_reg_reg[20]
                          DFFR_X1         NangateOpenCellLibrary
                                                          5.320000  n
u_gemm/u_pe_array/row[0].col[4].u_pe/acc_reg_reg[21]
                          DFFR_X1         NangateOpenCellLibrary
                                                          5.320000  n
u_gemm/u_pe_array/row[0].col[4].u_pe/acc_reg_reg[22]
                          DFFR_X1         NangateOpenCellLibrary
                                                          5.320000  n
u_gemm/u_pe_array/row[0].col[4].u_pe/acc_reg_reg[23]
                          DFFR_X1         NangateOpenCellLibrary
                                                          5.320000  n
u_gemm/u_pe_array/row[0].col[4].u_pe/acc_reg_reg[24]
                          DFFR_X1         NangateOpenCellLibrary
                                                          5.320000  n
u_gemm/u_pe_array/row[0].col[4].u_pe/acc_reg_reg[25]
                          DFFR_X1         NangateOpenCellLibrary
                                                          5.320000  n
u_gemm/u_pe_array/row[0].col[4].u_pe/acc_reg_reg[26]
                          DFFR_X1         NangateOpenCellLibrary
                                                          5.320000  n
u_gemm/u_pe_array/row[0].col[4].u_pe/acc_reg_reg[27]
                          DFFR_X1         NangateOpenCellLibrary
                                                          5.320000  n
u_gemm/u_pe_array/row[0].col[4].u_pe/acc_reg_reg[28]
                          DFFR_X1         NangateOpenCellLibrary
                                                          5.320000  n
u_gemm/u_pe_array/row[0].col[4].u_pe/acc_reg_reg[29]
                          DFFR_X1         NangateOpenCellLibrary
                                                          5.320000  n
u_gemm/u_pe_array/row[0].col[4].u_pe/acc_reg_reg[30]
                          DFFR_X1         NangateOpenCellLibrary
                                                          5.320000  n
u_gemm/u_pe_array/row[0].col[4].u_pe/acc_reg_reg[31]
                          DFFR_X1         NangateOpenCellLibrary
                                                          5.320000  n
u_gemm/u_pe_array/row[0].col[5].u_pe/acc_reg_reg[0]
                          DFFR_X1         NangateOpenCellLibrary
                                                          5.320000  n
u_gemm/u_pe_array/row[0].col[5].u_pe/acc_reg_reg[1]
                          DFFR_X1         NangateOpenCellLibrary
                                                          5.320000  n
u_gemm/u_pe_array/row[0].col[5].u_pe/acc_reg_reg[2]
                          DFFR_X1         NangateOpenCellLibrary
                                                          5.320000  n
u_gemm/u_pe_array/row[0].col[5].u_pe/acc_reg_reg[3]
                          DFFR_X1         NangateOpenCellLibrary
                                                          5.320000  n
u_gemm/u_pe_array/row[0].col[5].u_pe/acc_reg_reg[4]
                          DFFR_X1         NangateOpenCellLibrary
                                                          5.320000  n
u_gemm/u_pe_array/row[0].col[5].u_pe/acc_reg_reg[5]
                          DFFR_X1         NangateOpenCellLibrary
                                                          5.320000  n
u_gemm/u_pe_array/row[0].col[5].u_pe/acc_reg_reg[6]
                          DFFR_X1         NangateOpenCellLibrary
                                                          5.320000  n
u_gemm/u_pe_array/row[0].col[5].u_pe/acc_reg_reg[7]
                          DFFR_X1         NangateOpenCellLibrary
                                                          5.320000  n
u_gemm/u_pe_array/row[0].col[5].u_pe/acc_reg_reg[8]
                          DFFR_X1         NangateOpenCellLibrary
                                                          5.320000  n
u_gemm/u_pe_array/row[0].col[5].u_pe/acc_reg_reg[9]
                          DFFR_X1         NangateOpenCellLibrary
                                                          5.320000  n
u_gemm/u_pe_array/row[0].col[5].u_pe/acc_reg_reg[10]
                          DFFR_X1         NangateOpenCellLibrary
                                                          5.320000  n
u_gemm/u_pe_array/row[0].col[5].u_pe/acc_reg_reg[11]
                          DFFR_X1         NangateOpenCellLibrary
                                                          5.320000  n
u_gemm/u_pe_array/row[0].col[5].u_pe/acc_reg_reg[12]
                          DFFR_X1         NangateOpenCellLibrary
                                                          5.320000  n
u_gemm/u_pe_array/row[0].col[5].u_pe/acc_reg_reg[13]
                          DFFR_X1         NangateOpenCellLibrary
                                                          5.320000  n
u_gemm/u_pe_array/row[0].col[5].u_pe/acc_reg_reg[14]
                          DFFR_X1         NangateOpenCellLibrary
                                                          5.320000  n
u_gemm/u_pe_array/row[0].col[5].u_pe/acc_reg_reg[15]
                          DFFR_X1         NangateOpenCellLibrary
                                                          5.320000  n
u_gemm/u_pe_array/row[0].col[5].u_pe/acc_reg_reg[16]
                          DFFR_X1         NangateOpenCellLibrary
                                                          5.320000  n
u_gemm/u_pe_array/row[0].col[5].u_pe/acc_reg_reg[17]
                          DFFR_X1         NangateOpenCellLibrary
                                                          5.320000  n
u_gemm/u_pe_array/row[0].col[5].u_pe/acc_reg_reg[18]
                          DFFR_X1         NangateOpenCellLibrary
                                                          5.320000  n
u_gemm/u_pe_array/row[0].col[5].u_pe/acc_reg_reg[19]
                          DFFR_X1         NangateOpenCellLibrary
                                                          5.320000  n
u_gemm/u_pe_array/row[0].col[5].u_pe/acc_reg_reg[20]
                          DFFR_X1         NangateOpenCellLibrary
                                                          5.320000  n
u_gemm/u_pe_array/row[0].col[5].u_pe/acc_reg_reg[21]
                          DFFR_X1         NangateOpenCellLibrary
                                                          5.320000  n
u_gemm/u_pe_array/row[0].col[5].u_pe/acc_reg_reg[22]
                          DFFR_X1         NangateOpenCellLibrary
                                                          5.320000  n
u_gemm/u_pe_array/row[0].col[5].u_pe/acc_reg_reg[23]
                          DFFR_X1         NangateOpenCellLibrary
                                                          5.320000  n
u_gemm/u_pe_array/row[0].col[5].u_pe/acc_reg_reg[24]
                          DFFR_X1         NangateOpenCellLibrary
                                                          5.320000  n
u_gemm/u_pe_array/row[0].col[5].u_pe/acc_reg_reg[25]
                          DFFR_X1         NangateOpenCellLibrary
                                                          5.320000  n
u_gemm/u_pe_array/row[0].col[5].u_pe/acc_reg_reg[26]
                          DFFR_X1         NangateOpenCellLibrary
                                                          5.320000  n
u_gemm/u_pe_array/row[0].col[5].u_pe/acc_reg_reg[27]
                          DFFR_X1         NangateOpenCellLibrary
                                                          5.320000  n
u_gemm/u_pe_array/row[0].col[5].u_pe/acc_reg_reg[28]
                          DFFR_X1         NangateOpenCellLibrary
                                                          5.320000  n
u_gemm/u_pe_array/row[0].col[5].u_pe/acc_reg_reg[29]
                          DFFR_X1         NangateOpenCellLibrary
                                                          5.320000  n
u_gemm/u_pe_array/row[0].col[5].u_pe/acc_reg_reg[30]
                          DFFR_X1         NangateOpenCellLibrary
                                                          5.320000  n
u_gemm/u_pe_array/row[0].col[5].u_pe/acc_reg_reg[31]
                          DFFR_X1         NangateOpenCellLibrary
                                                          5.320000  n
u_gemm/u_pe_array/row[0].col[6].u_pe/acc_reg_reg[0]
                          DFFR_X1         NangateOpenCellLibrary
                                                          5.320000  n
u_gemm/u_pe_array/row[0].col[6].u_pe/acc_reg_reg[1]
                          DFFR_X1         NangateOpenCellLibrary
                                                          5.320000  n
u_gemm/u_pe_array/row[0].col[6].u_pe/acc_reg_reg[2]
                          DFFR_X1         NangateOpenCellLibrary
                                                          5.320000  n
u_gemm/u_pe_array/row[0].col[6].u_pe/acc_reg_reg[3]
                          DFFR_X1         NangateOpenCellLibrary
                                                          5.320000  n
u_gemm/u_pe_array/row[0].col[6].u_pe/acc_reg_reg[4]
                          DFFR_X1         NangateOpenCellLibrary
                                                          5.320000  n
u_gemm/u_pe_array/row[0].col[6].u_pe/acc_reg_reg[5]
                          DFFR_X1         NangateOpenCellLibrary
                                                          5.320000  n
u_gemm/u_pe_array/row[0].col[6].u_pe/acc_reg_reg[6]
                          DFFR_X1         NangateOpenCellLibrary
                                                          5.320000  n
u_gemm/u_pe_array/row[0].col[6].u_pe/acc_reg_reg[7]
                          DFFR_X1         NangateOpenCellLibrary
                                                          5.320000  n
u_gemm/u_pe_array/row[0].col[6].u_pe/acc_reg_reg[8]
                          DFFR_X1         NangateOpenCellLibrary
                                                          5.320000  n
u_gemm/u_pe_array/row[0].col[6].u_pe/acc_reg_reg[9]
                          DFFR_X1         NangateOpenCellLibrary
                                                          5.320000  n
u_gemm/u_pe_array/row[0].col[6].u_pe/acc_reg_reg[10]
                          DFFR_X1         NangateOpenCellLibrary
                                                          5.320000  n
u_gemm/u_pe_array/row[0].col[6].u_pe/acc_reg_reg[11]
                          DFFR_X1         NangateOpenCellLibrary
                                                          5.320000  n
u_gemm/u_pe_array/row[0].col[6].u_pe/acc_reg_reg[12]
                          DFFR_X1         NangateOpenCellLibrary
                                                          5.320000  n
u_gemm/u_pe_array/row[0].col[6].u_pe/acc_reg_reg[13]
                          DFFR_X1         NangateOpenCellLibrary
                                                          5.320000  n
u_gemm/u_pe_array/row[0].col[6].u_pe/acc_reg_reg[14]
                          DFFR_X1         NangateOpenCellLibrary
                                                          5.320000  n
u_gemm/u_pe_array/row[0].col[6].u_pe/acc_reg_reg[15]
                          DFFR_X1         NangateOpenCellLibrary
                                                          5.320000  n
u_gemm/u_pe_array/row[0].col[6].u_pe/acc_reg_reg[16]
                          DFFR_X1         NangateOpenCellLibrary
                                                          5.320000  n
u_gemm/u_pe_array/row[0].col[6].u_pe/acc_reg_reg[17]
                          DFFR_X1         NangateOpenCellLibrary
                                                          5.320000  n
u_gemm/u_pe_array/row[0].col[6].u_pe/acc_reg_reg[18]
                          DFFR_X1         NangateOpenCellLibrary
                                                          5.320000  n
u_gemm/u_pe_array/row[0].col[6].u_pe/acc_reg_reg[19]
                          DFFR_X1         NangateOpenCellLibrary
                                                          5.320000  n
u_gemm/u_pe_array/row[0].col[6].u_pe/acc_reg_reg[20]
                          DFFR_X1         NangateOpenCellLibrary
                                                          5.320000  n
u_gemm/u_pe_array/row[0].col[6].u_pe/acc_reg_reg[21]
                          DFFR_X1         NangateOpenCellLibrary
                                                          5.320000  n
u_gemm/u_pe_array/row[0].col[6].u_pe/acc_reg_reg[22]
                          DFFR_X1         NangateOpenCellLibrary
                                                          5.320000  n
u_gemm/u_pe_array/row[0].col[6].u_pe/acc_reg_reg[23]
                          DFFR_X1         NangateOpenCellLibrary
                                                          5.320000  n
u_gemm/u_pe_array/row[0].col[6].u_pe/acc_reg_reg[24]
                          DFFR_X1         NangateOpenCellLibrary
                                                          5.320000  n
u_gemm/u_pe_array/row[0].col[6].u_pe/acc_reg_reg[25]
                          DFFR_X1         NangateOpenCellLibrary
                                                          5.320000  n
u_gemm/u_pe_array/row[0].col[6].u_pe/acc_reg_reg[26]
                          DFFR_X1         NangateOpenCellLibrary
                                                          5.320000  n
u_gemm/u_pe_array/row[0].col[6].u_pe/acc_reg_reg[27]
                          DFFR_X1         NangateOpenCellLibrary
                                                          5.320000  n
u_gemm/u_pe_array/row[0].col[6].u_pe/acc_reg_reg[28]
                          DFFR_X1         NangateOpenCellLibrary
                                                          5.320000  n
u_gemm/u_pe_array/row[0].col[6].u_pe/acc_reg_reg[29]
                          DFFR_X1         NangateOpenCellLibrary
                                                          5.320000  n
u_gemm/u_pe_array/row[0].col[6].u_pe/acc_reg_reg[30]
                          DFFR_X1         NangateOpenCellLibrary
                                                          5.320000  n
u_gemm/u_pe_array/row[0].col[6].u_pe/acc_reg_reg[31]
                          DFFR_X1         NangateOpenCellLibrary
                                                          5.320000  n
u_gemm/u_pe_array/row[0].col[7].u_pe/acc_reg_reg[0]
                          DFFR_X1         NangateOpenCellLibrary
                                                          5.320000  n
u_gemm/u_pe_array/row[0].col[7].u_pe/acc_reg_reg[1]
                          DFFR_X1         NangateOpenCellLibrary
                                                          5.320000  n
u_gemm/u_pe_array/row[0].col[7].u_pe/acc_reg_reg[2]
                          DFFR_X1         NangateOpenCellLibrary
                                                          5.320000  n
u_gemm/u_pe_array/row[0].col[7].u_pe/acc_reg_reg[3]
                          DFFR_X1         NangateOpenCellLibrary
                                                          5.320000  n
u_gemm/u_pe_array/row[0].col[7].u_pe/acc_reg_reg[4]
                          DFFR_X1         NangateOpenCellLibrary
                                                          5.320000  n
u_gemm/u_pe_array/row[0].col[7].u_pe/acc_reg_reg[5]
                          DFFR_X1         NangateOpenCellLibrary
                                                          5.320000  n
u_gemm/u_pe_array/row[0].col[7].u_pe/acc_reg_reg[6]
                          DFFR_X1         NangateOpenCellLibrary
                                                          5.320000  n
u_gemm/u_pe_array/row[0].col[7].u_pe/acc_reg_reg[7]
                          DFFR_X1         NangateOpenCellLibrary
                                                          5.320000  n
u_gemm/u_pe_array/row[0].col[7].u_pe/acc_reg_reg[8]
                          DFFR_X1         NangateOpenCellLibrary
                                                          5.320000  n
u_gemm/u_pe_array/row[0].col[7].u_pe/acc_reg_reg[9]
                          DFFR_X1         NangateOpenCellLibrary
                                                          5.320000  n
u_gemm/u_pe_array/row[0].col[7].u_pe/acc_reg_reg[10]
                          DFFR_X1         NangateOpenCellLibrary
                                                          5.320000  n
u_gemm/u_pe_array/row[0].col[7].u_pe/acc_reg_reg[11]
                          DFFR_X1         NangateOpenCellLibrary
                                                          5.320000  n
u_gemm/u_pe_array/row[0].col[7].u_pe/acc_reg_reg[12]
                          DFFR_X1         NangateOpenCellLibrary
                                                          5.320000  n
u_gemm/u_pe_array/row[0].col[7].u_pe/acc_reg_reg[13]
                          DFFR_X1         NangateOpenCellLibrary
                                                          5.320000  n
u_gemm/u_pe_array/row[0].col[7].u_pe/acc_reg_reg[14]
                          DFFR_X1         NangateOpenCellLibrary
                                                          5.320000  n
u_gemm/u_pe_array/row[0].col[7].u_pe/acc_reg_reg[15]
                          DFFR_X1         NangateOpenCellLibrary
                                                          5.320000  n
u_gemm/u_pe_array/row[0].col[7].u_pe/acc_reg_reg[16]
                          DFFR_X1         NangateOpenCellLibrary
                                                          5.320000  n
u_gemm/u_pe_array/row[0].col[7].u_pe/acc_reg_reg[17]
                          DFFR_X1         NangateOpenCellLibrary
                                                          5.320000  n
u_gemm/u_pe_array/row[0].col[7].u_pe/acc_reg_reg[18]
                          DFFR_X1         NangateOpenCellLibrary
                                                          5.320000  n
u_gemm/u_pe_array/row[0].col[7].u_pe/acc_reg_reg[19]
                          DFFR_X1         NangateOpenCellLibrary
                                                          5.320000  n
u_gemm/u_pe_array/row[0].col[7].u_pe/acc_reg_reg[20]
                          DFFR_X1         NangateOpenCellLibrary
                                                          5.320000  n
u_gemm/u_pe_array/row[0].col[7].u_pe/acc_reg_reg[21]
                          DFFR_X1         NangateOpenCellLibrary
                                                          5.320000  n
u_gemm/u_pe_array/row[0].col[7].u_pe/acc_reg_reg[22]
                          DFFR_X1         NangateOpenCellLibrary
                                                          5.320000  n
u_gemm/u_pe_array/row[0].col[7].u_pe/acc_reg_reg[23]
                          DFFR_X1         NangateOpenCellLibrary
                                                          5.320000  n
u_gemm/u_pe_array/row[0].col[7].u_pe/acc_reg_reg[24]
                          DFFR_X1         NangateOpenCellLibrary
                                                          5.320000  n
u_gemm/u_pe_array/row[0].col[7].u_pe/acc_reg_reg[25]
                          DFFR_X1         NangateOpenCellLibrary
                                                          5.320000  n
u_gemm/u_pe_array/row[0].col[7].u_pe/acc_reg_reg[26]
                          DFFR_X1         NangateOpenCellLibrary
                                                          5.320000  n
u_gemm/u_pe_array/row[0].col[7].u_pe/acc_reg_reg[27]
                          DFFR_X1         NangateOpenCellLibrary
                                                          5.320000  n
u_gemm/u_pe_array/row[0].col[7].u_pe/acc_reg_reg[28]
                          DFFR_X1         NangateOpenCellLibrary
                                                          5.320000  n
u_gemm/u_pe_array/row[0].col[7].u_pe/acc_reg_reg[29]
                          DFFR_X1         NangateOpenCellLibrary
                                                          5.320000  n
u_gemm/u_pe_array/row[0].col[7].u_pe/acc_reg_reg[30]
                          DFFR_X1         NangateOpenCellLibrary
                                                          5.320000  n
u_gemm/u_pe_array/row[0].col[7].u_pe/acc_reg_reg[31]
                          DFFR_X1         NangateOpenCellLibrary
                                                          5.320000  n
w_data_reg_reg[0]         DFFR_X1         NangateOpenCellLibrary
                                                          5.320000  n
w_data_reg_reg[1]         DFFR_X1         NangateOpenCellLibrary
                                                          5.320000  n
w_data_reg_reg[2]         DFFR_X1         NangateOpenCellLibrary
                                                          5.320000  n
w_data_reg_reg[3]         DFFR_X1         NangateOpenCellLibrary
                                                          5.320000  n
w_data_reg_reg[4]         DFFR_X1         NangateOpenCellLibrary
                                                          5.320000  n
w_data_reg_reg[5]         DFFR_X1         NangateOpenCellLibrary
                                                          5.320000  n
w_data_reg_reg[6]         DFFR_X1         NangateOpenCellLibrary
                                                          5.320000  n
w_data_reg_reg[7]         DFFR_X1         NangateOpenCellLibrary
                                                          5.320000  n
wready_reg                DFFR_X1         NangateOpenCellLibrary
                                                          5.320000  n
write_done_reg            DFFR_X1         NangateOpenCellLibrary
                                                          5.320000  n
--------------------------------------------------------------------------------
Total 3395 cells                                          13887.859998
1
